Protocollo;Gruppo;DataOraIncidente;Localizzazione1;STRADA1;Localizzazione2;STRADA2;Strada02;Chilometrica;DaSpecificare;NaturaIncidente;particolaritastrade;TipoStrada;FondoStradale;Pavimentazione;Segnaletica;CondizioneAtmosferica;Traffico;Visibilita;Illuminazione;NUM_FERITI;NUM_RISERVATA;NUM_MORTI;NUM_ILLESI;Longitudine;Latitudine;Confermato;Progressivo;TipoVeicolo;StatoVeicolo;TipoPersona;Sesso;Tipolesione;Deceduto;DecedutoDopo;CinturaCascoUtilizzato;Airbag
2690565;12;10/02/2016 20:45;Strada Urbana;VIA RHODESIA;all'intersezione con;VIALE DELL'OCEANO ATLANTICO;VIALE DELL'OCEANO ATLANTICO;;;Tamponamento;Incrocio;Una carreggiata a doppio senso;Asciutto;Asfaltata;Verticale ed orizzontale;Sereno;Normale;Buona;Sufficiente;1;0;0;2;12.47054;41.82012;-1;2;Autovettura privata;In marcia / fermata / arresto;Conducente;M;Rimandato;0;NON DECEDUTO;Utilizzato;Inesistente
2690565;12;10/02/2016 20:45;Strada Urbana;VIA RHODESIA;all'intersezione con;VIALE DELL'OCEANO ATLANTICO;VIALE DELL'OCEANO ATLANTICO;;;Tamponamento;Incrocio;Una carreggiata a doppio senso;Asciutto;Asfaltata;Verticale ed orizzontale;Sereno;Normale;Buona;Sufficiente;1;0;0;2;12.47054;41.82012;-1;2;Autovettura privata;In marcia / fermata / arresto;Passeggero;F;Illeso;0;;Non accertato;Inesistente
2690579;16;10/02/2016 12:55;Strada Urbana;CIRCONVALLAZIONE GIANICOLENSE;da specificare;;;;in prossimità di via Forte Bravetta;Scontro laterale fra veicoli in marcia;Rettilineo;Una carreggiata a senso unico di marcia;Asciutto;Asfaltata;Verticale ed orizzontale;Sereno;Normale;Buona;Ore Diurne;0;0;0;2;12.43866;41.87755;-1;1;Autovettura privata;In marcia / fermata / arresto;Conducente;M;Illeso;0;;Non accertato;
2690579;16;10/02/2016 12:55;Strada Urbana;CIRCONVALLAZIONE GIANICOLENSE;da specificare;;;;in prossimità di via Forte Bravetta;Scontro laterale fra veicoli in marcia;Rettilineo;Una carreggiata a senso unico di marcia;Asciutto;Asfaltata;Verticale ed orizzontale;Sereno;Normale;Buona;Ore Diurne;0;0;0;2;12.43866;41.87755;-1;2;Autocarro inferiore 35 q.;In marcia / fermata / arresto;Conducente;M;Illeso;0;;Non accertato;
2690596;10;11/02/2016 14:25;Strada Urbana;PIAZZA FABIO SABATINI;all'intersezione con;VIA ULDERICO MAZZOLANI;VIA ULDERICO MAZZOLANI;;;Scontro laterale fra veicoli in marcia;Rotatoria;Una carreggiata a senso unico di marcia;Asciutto;Asfaltata;Assente;Sereno;Normale;Buona;Ore Diurne;0;0;0;4;12.59144;41.84655;-1;1;Autovettura privata;In marcia / fermata / arresto;Conducente;M;Illeso;0;;Non accertato;Inesploso
2690596;10;11/02/2016 14:25;Strada Urbana;PIAZZA FABIO SABATINI;all'intersezione con;VIA ULDERICO MAZZOLANI;VIA ULDERICO MAZZOLANI;;;Scontro laterale fra veicoli in marcia;Rotatoria;Una carreggiata a senso unico di marcia;Asciutto;Asfaltata;Assente;Sereno;Normale;Buona;Ore Diurne;0;0;0;4;12.59144;41.84655;-1;1;Autovettura privata;In marcia / fermata / arresto;Passeggero;F;Illeso;0;;Non accertato;Inesploso
2690596;10;11/02/2016 14:25;Strada Urbana;PIAZZA FABIO SABATINI;all'intersezione con;VIA ULDERICO MAZZOLANI;VIA ULDERICO MAZZOLANI;;;Scontro laterale fra veicoli in marcia;Rotatoria;Una carreggiata a senso unico di marcia;Asciutto;Asfaltata;Assente;Sereno;Normale;Buona;Ore Diurne;0;0;0;4;12.59144;41.84655;-1;1;Autovettura privata;In marcia / fermata / arresto;Passeggero;F;Illeso;0;;Non accertato;Inesistente
2690596;10;11/02/2016 14:25;Strada Urbana;PIAZZA FABIO SABATINI;all'intersezione con;VIA ULDERICO MAZZOLANI;VIA ULDERICO MAZZOLANI;;;Scontro laterale fra veicoli in marcia;Rotatoria;Una carreggiata a senso unico di marcia;Asciutto;Asfaltata;Assente;Sereno;Normale;Buona;Ore Diurne;0;0;0;4;12.59144;41.84655;-1;2;Autovettura privata;In marcia / fermata / arresto;Conducente;M;Illeso;0;;Non accertato;Inesploso
2690603;18;01/02/2016 09:30;Strada Urbana;VIA NICOLO' V;da specificare;;;;prossimità viale vaticano;Investimento di pedone;Rettilineo;Una carreggiata a senso unico di marcia;Asciutto;Asfaltata;Verticale ed orizzontale;Sereno;Scarso;Buona;Ore Diurne;0;0;0;2;12.45049;41.90042;-1;;;;Pedone;M;Illeso;0;;;
2690603;18;01/02/2016 09:30;Strada Urbana;VIA NICOLO' V;da specificare;;;;prossimità viale vaticano;Investimento di pedone;Rettilineo;Una carreggiata a senso unico di marcia;Asciutto;Asfaltata;Verticale ed orizzontale;Sereno;Scarso;Buona;Ore Diurne;0;0;0;2;12.45049;41.90042;-1;1;Autovettura privata;In marcia / fermata / arresto;Conducente;F;Illeso;0;;Non accertato;
2690604;1;11/02/2016 10:40;Strada Urbana;PIAZZA VENEZIA;all'intersezione con;VIA DEL CORSO;VIA DEL CORSO;;;Tamponamento;Incrocio;Una carreggiata a doppio senso;Sdrucciolevole (fango);In cubetti di porfido;Verticale ed orizzontale;Sereno;Normale;Buona;Ore Diurne;0;0;0;4;12.48257;41.89632;-1;1;Autocarro inferiore 35 q.;In marcia / fermata / arresto;Conducente;M;Illeso;0;;Non accertato;
2690604;1;11/02/2016 10:40;Strada Urbana;PIAZZA VENEZIA;all'intersezione con;VIA DEL CORSO;VIA DEL CORSO;;;Tamponamento;Incrocio;Una carreggiata a doppio senso;Sdrucciolevole (fango);In cubetti di porfido;Verticale ed orizzontale;Sereno;Normale;Buona;Ore Diurne;0;0;0;4;12.48257;41.89632;-1;2;Autovettura privata;In marcia / fermata / arresto;Conducente;M;Illeso;0;;Non accertato;
2690604;1;11/02/2016 10:40;Strada Urbana;PIAZZA VENEZIA;all'intersezione con;VIA DEL CORSO;VIA DEL CORSO;;;Tamponamento;Incrocio;Una carreggiata a doppio senso;Sdrucciolevole (fango);In cubetti di porfido;Verticale ed orizzontale;Sereno;Normale;Buona;Ore Diurne;0;0;0;4;12.48257;41.89632;-1;2;Autovettura privata;In marcia / fermata / arresto;Passeggero;M;Illeso;0;;Non accertato;
2690604;1;11/02/2016 10:40;Strada Urbana;PIAZZA VENEZIA;all'intersezione con;VIA DEL CORSO;VIA DEL CORSO;;;Tamponamento;Incrocio;Una carreggiata a doppio senso;Sdrucciolevole (fango);In cubetti di porfido;Verticale ed orizzontale;Sereno;Normale;Buona;Ore Diurne;0;0;0;4;12.48257;41.89632;-1;2;Autovettura privata;In marcia / fermata / arresto;Passeggero;M;Illeso;0;;Non accertato;
2690608;17;10/02/2016 01:10;Strada Urbana;VIA DELLA CONCILIAZIONE;in corrispondenza;;del civico n.;41;;Veicolo in marcia contro ostacolo fisso;Rettilineo;Più di due carreggiate;Bagnato (umidità in atto);In cubetti di porfido;Verticale ed orizzontale;Nuvoloso;Scarso;Buona;Sufficiente;0;0;0;1;12.4605;41.90209;-1;1;Autovettura privata;In marcia / fermata / arresto;Conducente;F;Illeso;0;;;
2690610;18;09/02/2016 13:00;Strada Urbana;VIA MATTIA BATTISTINI;all'intersezione con;VIA GIAMBATTISTA SORIA;VIA GIAMBATTISTA SORIA;;;Scontro frontale/laterale DX fra veicoli in marcia;Incrocio;Una carreggiata a doppio senso;Asciutto;Asfaltata;Verticale ed orizzontale;Sereno;Intenso;Buona;Ore Diurne;1;0;0;2;12.41843;41.91376;-1;1;Autovettura privata;In marcia / fermata / arresto;Conducente;M;Illeso;0;;Non accertato;Inesistente
2690610;18;09/02/2016 13:00;Strada Urbana;VIA MATTIA BATTISTINI;all'intersezione con;VIA GIAMBATTISTA SORIA;VIA GIAMBATTISTA SORIA;;;Scontro frontale/laterale DX fra veicoli in marcia;Incrocio;Una carreggiata a doppio senso;Asciutto;Asfaltata;Verticale ed orizzontale;Sereno;Intenso;Buona;Ore Diurne;1;0;0;2;12.41843;41.91376;-1;2;Motociclo con passeggero;In marcia / fermata / arresto;Conducente;M;Illeso;0;;Utilizzato;
2690610;18;09/02/2016 13:00;Strada Urbana;VIA MATTIA BATTISTINI;all'intersezione con;VIA GIAMBATTISTA SORIA;VIA GIAMBATTISTA SORIA;;;Scontro frontale/laterale DX fra veicoli in marcia;Incrocio;Una carreggiata a doppio senso;Asciutto;Asfaltata;Verticale ed orizzontale;Sereno;Intenso;Buona;Ore Diurne;1;0;0;2;12.41843;41.91376;-1;2;Motociclo con passeggero;In marcia / fermata / arresto;Passeggero;F;Rifiuta cure immediate;0;NON DECEDUTO;Utilizzato;
2690633;1;11/02/2016 08:25;Strada Urbana;VIA DEI CERCHI;all'intersezione con;PIAZZA DELLA BOCCA DELLA VERITA';PIAZZA DELLA BOCCA DELLA VERITA';;;Investimento di pedone;Incrocio;Una carreggiata a senso unico di marcia;Bagnato (pioggia);In cubetti di porfido;Verticale ed orizzontale;Pioggia in atto;Normale;Buona;Ore Diurne;0;0;0;2;12.48153;41.88917;-1;;;;Pedone;F;Illeso;0;;;
2690633;1;11/02/2016 08:25;Strada Urbana;VIA DEI CERCHI;all'intersezione con;PIAZZA DELLA BOCCA DELLA VERITA';PIAZZA DELLA BOCCA DELLA VERITA';;;Investimento di pedone;Incrocio;Una carreggiata a senso unico di marcia;Bagnato (pioggia);In cubetti di porfido;Verticale ed orizzontale;Pioggia in atto;Normale;Buona;Ore Diurne;0;0;0;2;12.48153;41.88917;-1;1;Motociclo a solo;In marcia / fermata / arresto;Conducente;M;Illeso;0;;Non accertato;
2690645;18;11/02/2016 14:20;Strada Urbana;VIA MARTINO V;all'intersezione con;VIA PIO IX;VIA PIO IX;;;Scontro frontale/laterale SX fra veicoli in marcia;Intersezione stradale segnalata;Una carreggiata a senso unico di marcia;Asciutto;Asfaltata;Verticale ed orizzontale;Sereno;Normale;Buona;Ore Diurne;1;0;0;1;12.42264;41.90497;-1;1;Motociclo a solo;In marcia / fermata / arresto;Conducente;M;Ricoverato;0;NON DECEDUTO;Non accertato;
2690645;18;11/02/2016 14:20;Strada Urbana;VIA MARTINO V;all'intersezione con;VIA PIO IX;VIA PIO IX;;;Scontro frontale/laterale SX fra veicoli in marcia;Intersezione stradale segnalata;Una carreggiata a senso unico di marcia;Asciutto;Asfaltata;Verticale ed orizzontale;Sereno;Normale;Buona;Ore Diurne;1;0;0;1;12.42264;41.90497;-1;2;Autovettura privata;In marcia / fermata / arresto;Conducente;M;Illeso;0;;Non accertato;Inesploso
2690653;18;05/02/2016 16:00;Strada Urbana;PIAZZA DEI GIURECONSULTI;all'intersezione semaforizzata con;CIRCONVALLAZIONE CORNELIA;CIRCONVALLAZIONE CORNELIA;;;Tamponamento;Intersezione semaforizzata;Due carreggiate;Asciutto;Asfaltata;Verticale ed orizzontale;Sereno;Intenso;Buona;Ore Diurne;0;0;0;2;12.42572;41.9019;-1;1;Autovettura privata;In marcia / fermata / arresto;Conducente;F;Illeso;0;;Non accertato;Inesploso
2690653;18;05/02/2016 16:00;Strada Urbana;PIAZZA DEI GIURECONSULTI;all'intersezione semaforizzata con;CIRCONVALLAZIONE CORNELIA;CIRCONVALLAZIONE CORNELIA;;;Tamponamento;Intersezione semaforizzata;Due carreggiate;Asciutto;Asfaltata;Verticale ed orizzontale;Sereno;Intenso;Buona;Ore Diurne;0;0;0;2;12.42572;41.9019;-1;2;Autocarro inferiore 35 q.;In marcia / fermata / arresto;Conducente;M;Illeso;0;;Non accertato;Inesploso
2690694;9;11/02/2016 07:45;Strada Urbana;VIA NUMANZIA;all'intersezione con;VIA LATINA;VIA LATINA;;;Scontro frontale fra veicoli in marcia;Incrocio;Una carreggiata a doppio senso;Bagnato (pioggia);Asfaltata;Verticale ed orizzontale;Pioggia in atto;Intenso;Sufficiente;Ore Diurne;0;0;0;2;12.51181;41.87372;-1;1;Autovettura privata;In marcia / fermata / arresto;Conducente;M;Illeso;0;;Non accertato;Inesploso
2690694;9;11/02/2016 07:45;Strada Urbana;VIA NUMANZIA;all'intersezione con;VIA LATINA;VIA LATINA;;;Scontro frontale fra veicoli in marcia;Incrocio;Una carreggiata a doppio senso;Bagnato (pioggia);Asfaltata;Verticale ed orizzontale;Pioggia in atto;Intenso;Sufficiente;Ore Diurne;0;0;0;2;12.51181;41.87372;-1;2;Motociclo a solo;In marcia / fermata / arresto;Conducente;M;Illeso;0;;Non accertato;
2690804;16;10/02/2016 14:15;Strada Urbana;VIA DELLA PISANA;in prossimità;;del civico n.;353;;Tamponamento Multiplo;Rettilineo;Una carreggiata a doppio senso;Asciutto;Asfaltata;Orizzontale;Sereno;Intenso;Buona;Ore Diurne;0;0;0;4;12.41254;41.8708;-1;1;Autovettura privata;In marcia / fermata / arresto;Conducente;M;Illeso;0;;Non accertato;Inesploso
2690804;16;10/02/2016 14:15;Strada Urbana;VIA DELLA PISANA;in prossimità;;del civico n.;353;;Tamponamento Multiplo;Rettilineo;Una carreggiata a doppio senso;Asciutto;Asfaltata;Orizzontale;Sereno;Intenso;Buona;Ore Diurne;0;0;0;4;12.41254;41.8708;-1;2;Autovettura pubblica;In marcia / fermata / arresto;Conducente;M;Illeso;0;;Non accertato;Inesploso
2690804;16;10/02/2016 14:15;Strada Urbana;VIA DELLA PISANA;in prossimità;;del civico n.;353;;Tamponamento Multiplo;Rettilineo;Una carreggiata a doppio senso;Asciutto;Asfaltata;Orizzontale;Sereno;Intenso;Buona;Ore Diurne;0;0;0;4;12.41254;41.8708;-1;3;Autovettura privata;In marcia / fermata / arresto;Conducente;M;Illeso;0;;Non accertato;Inesploso
2690804;16;10/02/2016 14:15;Strada Urbana;VIA DELLA PISANA;in prossimità;;del civico n.;353;;Tamponamento Multiplo;Rettilineo;Una carreggiata a doppio senso;Asciutto;Asfaltata;Orizzontale;Sereno;Intenso;Buona;Ore Diurne;0;0;0;4;12.41254;41.8708;-1;4;Autovettura privata;In marcia / fermata / arresto;Conducente;M;Illeso;0;;Non accertato;Inesploso
2690832;9;11/02/2016 08:30;Strada Urbana;VIA APPIA NUOVA;in prossimità;;del civico n.;763;;Veicolo in marcia contro ostacolo fisso;Rettilineo;Due carreggiate;Bagnato (pioggia);Asfaltata;Orizzontale;Pioggia in atto;Normale;Buona;Ore Diurne;1;0;0;0;12.5352;41.85923;-1;1;Autovettura privata;In marcia / fermata / arresto;Conducente;M;Rimandato;0;NON DECEDUTO;Non accertato;Inesploso
2690833;18;01/02/2016 08:20;Strada Urbana;VIA GREGORIO VII;in corrispondenza;;del civico n.;215;;Scontro laterale fra veicoli in marcia;Rettilineo;Due carreggiate;Asciutto;Asfaltata;Verticale ed orizzontale;Sereno;Normale;Buona;Ore Diurne;0;0;0;2;12.44618;41.89531;-1;1;Autocarro inferiore 35 q.;In marcia / fermata / arresto;Conducente;M;Illeso;0;;;
2690833;18;01/02/2016 08:20;Strada Urbana;VIA GREGORIO VII;in corrispondenza;;del civico n.;215;;Scontro laterale fra veicoli in marcia;Rettilineo;Due carreggiate;Asciutto;Asfaltata;Verticale ed orizzontale;Sereno;Normale;Buona;Ore Diurne;0;0;0;2;12.44618;41.89531;-1;2;Autovettura privata;In marcia / fermata / arresto;Conducente;F;Illeso;0;;;
2690857;16;10/02/2016 22:45;Strada Urbana;VIALE DEI COLLI PORTUENSI;da specificare;;;;fronte palo ACEA 152;Veicolo in marcia contro veicolo in sosta;Rettilineo;Due carreggiate;Asciutto;Asfaltata;Verticale ed orizzontale;Nuvoloso;Scarso;Sufficiente;Sufficiente;1;0;0;0;12.444;41.86677;-1;1;Quadriciclo leggero;In marcia / fermata / arresto;Conducente;M;Rimandato;0;NON DECEDUTO;Non accertato;
2690859;16;10/02/2016 15:50;Strada Urbana;VIALE DEI COLLI PORTUENSI;da specificare;;;;in corrispondenza fronte civico 62/A;Scontro laterale fra veicoli in marcia;Rettilineo;Due carreggiate;Asciutto;Asfaltata;Verticale;Sereno;Normale;Buona;Ore Diurne;1;0;0;2;12.44402;41.86649;-1;1;Autovettura privata;In marcia / fermata / arresto;Conducente;M;Illeso;0;;;
2690859;16;10/02/2016 15:50;Strada Urbana;VIALE DEI COLLI PORTUENSI;da specificare;;;;in corrispondenza fronte civico 62/A;Scontro laterale fra veicoli in marcia;Rettilineo;Due carreggiate;Asciutto;Asfaltata;Verticale;Sereno;Normale;Buona;Ore Diurne;1;0;0;2;12.44402;41.86649;-1;2;Motociclo a solo;In marcia / fermata / arresto;Conducente;M;Illeso;0;;;
2690859;16;10/02/2016 15:50;Strada Urbana;VIALE DEI COLLI PORTUENSI;da specificare;;;;in corrispondenza fronte civico 62/A;Scontro laterale fra veicoli in marcia;Rettilineo;Due carreggiate;Asciutto;Asfaltata;Verticale;Sereno;Normale;Buona;Ore Diurne;1;0;0;2;12.44402;41.86649;-1;2;Motociclo a solo;In marcia / fermata / arresto;Passeggero;F;Rimandato;0;NON DECEDUTO;;
2690879;15;11/02/2016 08:50;Strada Urbana;VIA PORTUENSE;in prossimità;;del civico n.;321/G;;Investimento di pedone;Rettilineo;Una carreggiata a doppio senso;Bagnato (pioggia);Asfaltata;Verticale ed orizzontale;Nuvoloso;Intenso;Buona;Ore Diurne;1;0;0;1;12.46141;41.8655;-1;;;;Pedone;F;Rimandato;0;NON DECEDUTO;;
2690879;15;11/02/2016 08:50;Strada Urbana;VIA PORTUENSE;in prossimità;;del civico n.;321/G;;Investimento di pedone;Rettilineo;Una carreggiata a doppio senso;Bagnato (pioggia);Asfaltata;Verticale ed orizzontale;Nuvoloso;Intenso;Buona;Ore Diurne;1;0;0;1;12.46141;41.8655;-1;1;Motociclo a solo;In marcia / fermata / arresto;Conducente;M;Illeso;0;;Utilizzato;
2690885;16;10/02/2016 15:00;Strada Urbana;VIA DEL CASALE LUMBROSO;all'intersezione con;VIA PAOLO ORANO;VIA PAOLO ORANO;;;Scontro frontale/laterale DX fra veicoli in marcia;Intersezione stradale segnalata;Due carreggiate;Asciutto;Asfaltata;Verticale ed orizzontale;Sereno;Normale;Buona;Ore Diurne;0;0;0;2;12.35492;41.86274;-1;1;Autovettura privata;In marcia / fermata / arresto;Conducente;M;Illeso;0;;Non accertato;Inesploso
2690885;16;10/02/2016 15:00;Strada Urbana;VIA DEL CASALE LUMBROSO;all'intersezione con;VIA PAOLO ORANO;VIA PAOLO ORANO;;;Scontro frontale/laterale DX fra veicoli in marcia;Intersezione stradale segnalata;Due carreggiate;Asciutto;Asfaltata;Verticale ed orizzontale;Sereno;Normale;Buona;Ore Diurne;0;0;0;2;12.35492;41.86274;-1;2;Autocarro inferiore 35 q.;In marcia / fermata / arresto;Conducente;M;Illeso;0;;Non accertato;Inesploso
2690894;10;11/02/2016 18:10;Strada Urbana;PIAZZA QUINTO CURZIO;in prossimità;;del civico n.;41;;Investimento di pedone;Rotatoria;Una carreggiata a senso unico di marcia;Asciutto;Asfaltata;Orizzontale;Sereno;Normale;Buona;Insufficiente;1;0;0;1;12.5679;41.85607;-1;;;;Pedone;M;Rimandato;0;NON DECEDUTO;;
2690894;10;11/02/2016 18:10;Strada Urbana;PIAZZA QUINTO CURZIO;in prossimità;;del civico n.;41;;Investimento di pedone;Rotatoria;Una carreggiata a senso unico di marcia;Asciutto;Asfaltata;Orizzontale;Sereno;Normale;Buona;Insufficiente;1;0;0;1;12.5679;41.85607;-1;1;Autovettura privata;In marcia / fermata / arresto;Conducente;F;Illeso;0;;Non accertato;Inesploso
2690926;18;11/02/2016 16:50;Strada Urbana;VIA BALDO DEGLI UBALDI;in corrispondenza;;del civico n.;34;;Scontro laterale fra veicoli in marcia;Rettilineo;Una carreggiata a senso unico di marcia;Asciutto;Asfaltata;Verticale ed orizzontale;Sereno;Normale;Buona;Ore Diurne;0;0;0;2;12.43098;41.89846;-1;1;Autocarro superiore 35 q.;In marcia / fermata / arresto;Conducente;M;Illeso;0;;Non accertato;Inesploso
2690926;18;11/02/2016 16:50;Strada Urbana;VIA BALDO DEGLI UBALDI;in corrispondenza;;del civico n.;34;;Scontro laterale fra veicoli in marcia;Rettilineo;Una carreggiata a senso unico di marcia;Asciutto;Asfaltata;Verticale ed orizzontale;Sereno;Normale;Buona;Ore Diurne;0;0;0;2;12.43098;41.89846;-1;2;Autovettura privata;In marcia / fermata / arresto;Conducente;F;Illeso;0;;Non accertato;Inesploso
2690939;12;09/02/2016 19:30;Strada Urbana;VIA LAURENTINA;in prossimità;;del civico n.;1772;;Veicolo in marcia contro ostacolo accidentale;Rettilineo;Una carreggiata a doppio senso;Asciutto;Asfaltata;Temporanea di cantiere;Nuvoloso;Scarso;Insufficiente;Inesistente;0;0;0;2;12.48537;41.8139;-1;1;Autovettura privata;In marcia / fermata / arresto;Conducente;F;Illeso;0;;Utilizzato;Inesploso
2690939;12;09/02/2016 19:30;Strada Urbana;VIA LAURENTINA;in prossimità;;del civico n.;1772;;Veicolo in marcia contro ostacolo accidentale;Rettilineo;Una carreggiata a doppio senso;Asciutto;Asfaltata;Temporanea di cantiere;Nuvoloso;Scarso;Insufficiente;Inesistente;0;0;0;2;12.48537;41.8139;-1;1;Autovettura privata;In marcia / fermata / arresto;Passeggero;M;Illeso;0;;Utilizzato;Inesploso
2690943;12;10/02/2016 15:20;Strada Urbana;VIA IRIS VERSARI;in prossimità;;del civico n.;248;;Veicolo in marcia contro ostacolo accidentale;Curva a visuale libera;Una carreggiata a senso unico di marcia;Asciutto;Con buche;Verticale ed orizzontale;Sereno;Scarso;Buona;Ore Diurne;0;0;0;1;12.4423;41.7957;-1;1;Autovettura privata;In marcia / fermata / arresto;Conducente;M;Illeso;0;;Utilizzato;Inesploso
2690950;12;10/02/2016 22:00;Strada Urbana;VIA MASSIMO TROISI;in prossimità;;del civico n.;40;;Scontro laterale fra veicoli in marcia;Rettilineo;Una carreggiata a doppio senso;Asciutto;Asfaltata;Verticale ed orizzontale;Nuvoloso;Scarso;Sufficiente;Sufficiente;1;0;0;1;12.3934;41.78618;-1;1;Autovettura privata;In marcia / fermata / arresto;Conducente;F;Illeso;0;;Utilizzato;Inesploso
2690950;12;10/02/2016 22:00;Strada Urbana;VIA MASSIMO TROISI;in prossimità;;del civico n.;40;;Scontro laterale fra veicoli in marcia;Rettilineo;Una carreggiata a doppio senso;Asciutto;Asfaltata;Verticale ed orizzontale;Nuvoloso;Scarso;Sufficiente;Sufficiente;1;0;0;1;12.3934;41.78618;-1;2;Autovettura privata;In marcia / fermata / arresto;Conducente;M;Rimandato;0;NON DECEDUTO;Utilizzato;Inesploso
2690960;12;11/02/2016 18:20;Strada Urbana;VIA CLEMENTE REBORA;in prossimità;;del civico n.;27;;Scontro laterale fra veicoli in marcia;Strettoia;Una carreggiata a doppio senso;Asciutto;Asfaltata;Verticale ed orizzontale;Sereno;Scarso;Buona;Sufficiente;0;0;0;2;12.4786;41.80803;-1;1;Motociclo a solo;In marcia / fermata / arresto;Conducente;M;Illeso;0;;Utilizzato;
2690960;12;11/02/2016 18:20;Strada Urbana;VIA CLEMENTE REBORA;in prossimità;;del civico n.;27;;Scontro laterale fra veicoli in marcia;Strettoia;Una carreggiata a doppio senso;Asciutto;Asfaltata;Verticale ed orizzontale;Sereno;Scarso;Buona;Sufficiente;0;0;0;2;12.4786;41.80803;-1;2;Autovettura privata;In marcia / fermata / arresto;Conducente;F;Illeso;0;;Utilizzato;Inesploso
2690961;15;11/02/2016 19:45;Strada Urbana;VIA PORTUENSE;all'intersezione semaforizzata con;VIA DI AFFOGALASINO;VIA DI AFFOGALASINO;;;Scontro frontale/laterale SX fra veicoli in marcia;Intersezione semaforizzata;Una carreggiata a doppio senso;Asciutto;Asfaltata;Verticale ed orizzontale;Sereno;Normale;Buona;Sufficiente;0;0;0;5;12.40939;41.84342;-1;1;Autovettura privata;In marcia / fermata / arresto;Conducente;M;Illeso;0;;Utilizzato;Inesploso
2690961;15;11/02/2016 19:45;Strada Urbana;VIA PORTUENSE;all'intersezione semaforizzata con;VIA DI AFFOGALASINO;VIA DI AFFOGALASINO;;;Scontro frontale/laterale SX fra veicoli in marcia;Intersezione semaforizzata;Una carreggiata a doppio senso;Asciutto;Asfaltata;Verticale ed orizzontale;Sereno;Normale;Buona;Sufficiente;0;0;0;5;12.40939;41.84342;-1;1;Autovettura privata;In marcia / fermata / arresto;Passeggero;M;Illeso;0;;Utilizzato;Inesploso
2690961;15;11/02/2016 19:45;Strada Urbana;VIA PORTUENSE;all'intersezione semaforizzata con;VIA DI AFFOGALASINO;VIA DI AFFOGALASINO;;;Scontro frontale/laterale SX fra veicoli in marcia;Intersezione semaforizzata;Una carreggiata a doppio senso;Asciutto;Asfaltata;Verticale ed orizzontale;Sereno;Normale;Buona;Sufficiente;0;0;0;5;12.40939;41.84342;-1;1;Autovettura privata;In marcia / fermata / arresto;Passeggero;F;Illeso;0;;Utilizzato;Inesistente
2690961;15;11/02/2016 19:45;Strada Urbana;VIA PORTUENSE;all'intersezione semaforizzata con;VIA DI AFFOGALASINO;VIA DI AFFOGALASINO;;;Scontro frontale/laterale SX fra veicoli in marcia;Intersezione semaforizzata;Una carreggiata a doppio senso;Asciutto;Asfaltata;Verticale ed orizzontale;Sereno;Normale;Buona;Sufficiente;0;0;0;5;12.40939;41.84342;-1;2;Autovettura privata;In marcia / fermata / arresto;Conducente;M;Illeso;0;;Utilizzato;Inesploso
2690976;1;11/02/2016 18:25;Strada Urbana;VIALE CASTRO PRETORIO;in prossimità;;del civico n.;55;;Veicolo in marcia contro veicolo arresto;Curva a visuale libera;Una carreggiata a doppio senso;Asciutto;Asfaltata;Verticale ed orizzontale;Sereno;Normale;Buona;Sufficiente;0;0;1;1;12.50689;41.90405;-1;1;Autovettura privata;In marcia / fermata / arresto;Conducente;M;Deceduto durante prime cure;-1;;Non accertato;
2690976;1;11/02/2016 18:25;Strada Urbana;VIALE CASTRO PRETORIO;in prossimità;;del civico n.;55;;Veicolo in marcia contro veicolo arresto;Curva a visuale libera;Una carreggiata a doppio senso;Asciutto;Asfaltata;Verticale ed orizzontale;Sereno;Normale;Buona;Sufficiente;0;0;1;1;12.50689;41.90405;-1;2;Autovettura privata;In marcia / fermata / arresto;Conducente;F;Illeso;0;;Non accertato;
2691260;6;11/02/2016 19:30;Strada Urbana;VIA DI ACQUA BULLICANTE;in corrispondenza;;del civico n.;70;;Investimento di pedone;Rettilineo;Una carreggiata a doppio senso;Asciutto;Asfaltata;Verticale ed orizzontale;Sereno;Scarso;Sufficiente;Sufficiente;1;0;0;0;12.54346;41.88368;-1;;;;Pedone;M;Rimandato;0;NON DECEDUTO;;
2691261;12;10/02/2016 14:00;Strada Urbana;VIA MASSIMO BONTEMPELLI;all'intersezione con;VIA GIUSEPPE TOMASI DI LAMPEDUSA;VIA GIUSEPPE TOMASI DI LAMPEDUSA;;;Scontro laterale fra veicoli in marcia;Intersezione stradale segnalata;Due carreggiate;Asciutto;Asfaltata;Verticale ed orizzontale;Sereno;Scarso;Buona;Ore Diurne;1;0;0;1;12.46863;41.81674;-1;1;Autovettura privata;In marcia / fermata / arresto;Conducente;M;Rimandato;0;NON DECEDUTO;Utilizzato;Inesploso
2691261;12;10/02/2016 14:00;Strada Urbana;VIA MASSIMO BONTEMPELLI;all'intersezione con;VIA GIUSEPPE TOMASI DI LAMPEDUSA;VIA GIUSEPPE TOMASI DI LAMPEDUSA;;;Scontro laterale fra veicoli in marcia;Intersezione stradale segnalata;Due carreggiate;Asciutto;Asfaltata;Verticale ed orizzontale;Sereno;Scarso;Buona;Ore Diurne;1;0;0;1;12.46863;41.81674;-1;2;Autocarro inferiore 35 q.;In marcia / fermata / arresto;Conducente;M;Illeso;0;;Utilizzato;Inesploso