Protocollo;Gruppo;DataOraIncidente;Localizzazione1;STRADA1;Localizzazione2;STRADA2;Strada02;Chilometrica;DaSpecificare;NaturaIncidente;particolaritastrade;TipoStrada;FondoStradale;Pavimentazione;Segnaletica;CondizioneAtmosferica;Traffico;Visibilita;Illuminazione;NUM_FERITI;NUM_RISERVATA;NUM_MORTI;NUM_ILLESI;Longitudine;Latitudine;Confermato;Progressivo;TipoVeicolo;StatoVeicolo;TipoPersona;Sesso;Tipolesione;Deceduto;DecedutoDopo;CinturaCascoUtilizzato;Airbag
2696964;18;06/02/2016 22:01;Strada Urbana;PIAZZA PIO XI;da specificare;;;;fronte civico 67;Veicolo in marcia contro ostacolo accidentale;Rettilineo;Più di due carreggiate;Viscido da liquidi oleosi;Asfaltata;Verticale ed orizzontale;Sereno;Normale;Sufficiente;Sufficiente;1;0;0;0;12.43747;41.89481;-1;1;Motociclo a solo;In marcia / fermata / arresto;Conducente;M;Rifiuta cure immediate;0;NON DECEDUTO;;
2696972;12;15/02/2016 21:45;Strada Urbana;VIALE FILIPPO TOMMASO MARINETTI;da specificare;;;;fronte civico 229;Veicolo in marcia contro ostacolo accidentale;Rettilineo;Due carreggiate;Bagnato (umidità in atto);Asfaltata;Verticale ed orizzontale;Nuvoloso;Scarso;Sufficiente;Sufficiente;0;0;0;1;12.47495;41.80742;-1;1;Autovettura privata;In marcia / fermata / arresto;Conducente;M;Illeso;0;;Non accertato;Inesploso
2697003;16;15/02/2016 11:00;Strada Urbana;VIA GIAMBATTISTA MARINO;in prossimità;;del civico n.;3;;Veicolo in marcia contro veicolo in sosta;Curva a visuale libera;Una carreggiata a senso unico di marcia;Bagnato (umidità in atto);Asfaltata;Verticale;Nuvoloso;Normale;Buona;Ore Diurne;0;0;0;1;12.46453;41.87691;0;1;Autovettura privata;In marcia / fermata / arresto;Conducente;M;Illeso;0;;Non accertato;Inesploso
2697011;12;15/02/2016 21:55;Strada Urbana;VIALE FILIPPO TOMMASO MARINETTI;da specificare;;;;fronte civico 231;Veicolo in marcia contro ostacolo accidentale;Rettilineo;Due carreggiate;Bagnato (umidità in atto);Asfaltata;Verticale ed orizzontale;Nuvoloso;Scarso;Sufficiente;Sufficiente;0;0;0;1;12.47495;41.80742;-1;1;Autovettura privata;In marcia / fermata / arresto;Conducente;M;Illeso;0;;Utilizzato;Inesploso
2697070;18;06/02/2016 15:15;Strada Urbana;VIA GREGORIO VII;all'intersezione semaforizzata con;VIA ORMISDA;VIA ORMISDA;;;Scontro laterale fra veicoli in marcia;Intersezione semaforizzata;Più di due carreggiate;Asciutto;Asfaltata;Verticale;Sereno;Normale;Buona;Ore Diurne;0;0;0;3;12.44518;41.89576;-1;1;Autovettura pubblica;In marcia / fermata / arresto;Conducente;M;Illeso;0;;Non accertato;Inesploso
2697070;18;06/02/2016 15:15;Strada Urbana;VIA GREGORIO VII;all'intersezione semaforizzata con;VIA ORMISDA;VIA ORMISDA;;;Scontro laterale fra veicoli in marcia;Intersezione semaforizzata;Più di due carreggiate;Asciutto;Asfaltata;Verticale;Sereno;Normale;Buona;Ore Diurne;0;0;0;3;12.44518;41.89576;-1;2;Autobus di linea;In marcia / fermata / arresto;Conducente;M;Illeso;0;;Non accertato;Inesploso
2697070;18;06/02/2016 15:15;Strada Urbana;VIA GREGORIO VII;all'intersezione semaforizzata con;VIA ORMISDA;VIA ORMISDA;;;Scontro laterale fra veicoli in marcia;Intersezione semaforizzata;Più di due carreggiate;Asciutto;Asfaltata;Verticale;Sereno;Normale;Buona;Ore Diurne;0;0;0;3;12.44518;41.89576;-1;2;Autobus di linea;In marcia / fermata / arresto;Passeggero;M;Illeso;0;;Non accertato;Inesploso
2697118;23;07/02/2016 18:00;Strada Urbana;PIAZZA LAURO DE BOSIS;in prossimità;;del civico n.;3;;Veicolo in marcia contro veicoli in sosta;Rettilineo;Una carreggiata a doppio senso;Asciutto;Asfaltata;Assente;Sereno;Scarso;Buona;Sufficiente;0;0;0;1;12.45882;41.93109;-1;1;Autovettura privata;In marcia / fermata / arresto;Conducente;F;Illeso;0;;Non accertato;Inesploso
2697123;2;16/02/2016 12:30;Strada Urbana;VIALE SOMALIA;in prossimità;;del civico n.;201;;Scontro frontale/laterale SX fra veicoli in marcia;Rettilineo;Una carreggiata a doppio senso;Asciutto;Asfaltata;Temporanea di cantiere;Sereno;Normale;Buona;Ore Diurne;0;0;0;2;12.51844;41.93503;-1;1;Veicolo speciale;In marcia / fermata / arresto;Conducente;M;Illeso;0;;Non accertato;Inesploso
2697123;2;16/02/2016 12:30;Strada Urbana;VIALE SOMALIA;in prossimità;;del civico n.;201;;Scontro frontale/laterale SX fra veicoli in marcia;Rettilineo;Una carreggiata a doppio senso;Asciutto;Asfaltata;Temporanea di cantiere;Sereno;Normale;Buona;Ore Diurne;0;0;0;2;12.51844;41.93503;-1;2;Autovettura privata;In marcia / fermata / arresto;Conducente;F;Illeso;0;;Non accertato;Inesploso
2697129;9;15/02/2016 12:15;Strada Urbana;VIA MAGNAGRECIA;da specificare;;;;fronte civ. 17;Investimento di pedone;Rettilineo;Una carreggiata a doppio senso;Asciutto;Asfaltata;Verticale ed orizzontale;Sereno;Normale;Buona;Ore Diurne;0;0;0;2;12.50884;41.88321;-1;;;;Pedone;M;Illeso;0;;;
2697129;9;15/02/2016 12:15;Strada Urbana;VIA MAGNAGRECIA;da specificare;;;;fronte civ. 17;Investimento di pedone;Rettilineo;Una carreggiata a doppio senso;Asciutto;Asfaltata;Verticale ed orizzontale;Sereno;Normale;Buona;Ore Diurne;0;0;0;2;12.50884;41.88321;-1;1;Motociclo con passeggero;In marcia / fermata / arresto;Conducente;M;Illeso;0;;Utilizzato;
2697143;23;15/02/2016 13:00;Strada Urbana;VIA CRISTOFORO COLOMBO;all'intersezione semaforizzata con;VIA PINDARO;VIA PINDARO;;;Scontro laterale fra veicoli in marcia;Intersezione semaforizzata;Una carreggiata a senso unico di marcia;Asciutto;Asfaltata;Verticale ed orizzontale;Nuvoloso;Normale;Buona;Ore Diurne;1;0;0;1;12.36961;41.75489;-1;1;Autovettura privata;In marcia / fermata / arresto;Conducente;F;Illeso;0;;Utilizzato;Inesploso
2697143;23;15/02/2016 13:00;Strada Urbana;VIA CRISTOFORO COLOMBO;all'intersezione semaforizzata con;VIA PINDARO;VIA PINDARO;;;Scontro laterale fra veicoli in marcia;Intersezione semaforizzata;Una carreggiata a senso unico di marcia;Asciutto;Asfaltata;Verticale ed orizzontale;Nuvoloso;Normale;Buona;Ore Diurne;1;0;0;1;12.36961;41.75489;-1;2;Velocipede;In marcia / fermata / arresto;Conducente;M;Rimandato;0;NON DECEDUTO;Esente;
2697173;12;15/02/2016 11:00;Strada Urbana;VIA CRISTOFORO COLOMBO;da specificare;;;;prox Via Carlo Levi;Veicolo in marcia contro ostacolo fisso;Curva senza visuale libera;Una carreggiata a senso unico di marcia;Bagnato (umidità in atto);Asfaltata;Verticale ed orizzontale;Nuvoloso;Normale;Buona;Ore Diurne;1;0;0;0;12.44704;41.80373;-1;1;Autovettura privata;In marcia / fermata / arresto;Conducente;F;Rimandato;0;NON DECEDUTO;Utilizzato;Inesploso
2697178;4;16/02/2016 14:15;Strada Urbana;VIALE JONIO;da specificare;;;;prossimità intersezione con via Capraia;Scontro laterale fra veicoli in marcia;Rettilineo;Due carreggiate;Asciutto;Asfaltata;Orizzontale;Nuvoloso;Normale;Buona;Ore Diurne;0;0;0;2;12.53666;41.94396;-1;1;Motociclo a solo;In marcia / fermata / arresto;Conducente;M;Illeso;0;;Non accertato;
2697178;4;16/02/2016 14:15;Strada Urbana;VIALE JONIO;da specificare;;;;prossimità intersezione con via Capraia;Scontro laterale fra veicoli in marcia;Rettilineo;Due carreggiate;Asciutto;Asfaltata;Orizzontale;Nuvoloso;Normale;Buona;Ore Diurne;0;0;0;2;12.53666;41.94396;-1;2;Autovettura privata;In marcia / fermata / arresto;Conducente;F;Illeso;0;;Non accertato;Inesploso
2697189;12;15/02/2016 05:25;Regionale;VIA PONTINA NUOVA;da specificare;;;;alt. km. 13.100 (dir. Pomezia);Veicolo in marcia contro ostacolo accidentale;Rettilineo;Due carreggiate;Bagnato (pioggia);Asfaltata;Verticale ed orizzontale;Pioggia in atto;Normale;Insufficiente;Inesistente;0;0;0;1;12.45654;41.80612;-1;1;Autovettura privata;In marcia / fermata / arresto;Conducente;M;Illeso;0;;Utilizzato;Inesploso
2697190;9;14/02/2016 20:50;Strada Urbana;VIA CILICIA;in corrispondenza;;del civico n.;55;;Veicolo in marcia contro ostacolo fisso;Rettilineo;Due carreggiate;Bagnato (pioggia);Asfaltata;Verticale ed orizzontale;Pioggia in atto;Normale;Sufficiente;Sufficiente;0;0;0;1;12.50354;41.87134;-1;1;Autovettura privata;In marcia / fermata / arresto;Conducente;M;Illeso;0;;;
2697202;12;15/02/2016 05:30;Regionale;VIA PONTINA NUOVA;da specificare;;;;alt. km. 13.100 (dir. Pomezia);Veicolo in marcia contro ostacolo accidentale;Rettilineo;Due carreggiate;Bagnato (pioggia);Asfaltata;Verticale ed orizzontale;Pioggia in atto;Normale;Insufficiente;Inesistente;0;0;0;1;12.45791;41.80945;-1;1;Autovettura privata;In marcia / fermata / arresto;Conducente;M;Illeso;0;;Utilizzato;Inesploso
2697211;12;15/02/2016 05:35;Regionale;VIA PONTINA NUOVA;da specificare;;;;alt. km. 13.100 (dir. Pomezia);Veicolo in marcia contro ostacolo accidentale;Rettilineo;Due carreggiate;Bagnato (pioggia);Asfaltata;Verticale ed orizzontale;Pioggia in atto;Normale;Insufficiente;Inesistente;0;0;0;1;12.45929;41.8097;-1;1;Autovettura privata;In marcia / fermata / arresto;Conducente;M;Illeso;0;;Utilizzato;Inesploso
2697220;12;15/02/2016 05:40;Regionale;VIA PONTINA NUOVA;da specificare;;;;alt. km. 13.100 (dir. Pomezia);Veicolo in marcia contro ostacolo accidentale;Rettilineo;Due carreggiate;Bagnato (pioggia);Asfaltata;Verticale ed orizzontale;Pioggia in atto;Normale;Insufficiente;Inesistente;0;0;0;1;12.45654;41.81073;-1;1;Autovettura privata;In marcia / fermata / arresto;Conducente;F;Illeso;0;;Utilizzato;Inesploso
2697227;12;15/02/2016 05:45;Regionale;VIA PONTINA NUOVA;da specificare;;;;alt. km. 13.100 (dir. Pomezia);Veicolo in marcia contro ostacolo accidentale;Rettilineo;Due carreggiate;Bagnato (pioggia);Asfaltata;Verticale ed orizzontale;Pioggia in atto;Normale;Insufficiente;Inesistente;0;0;0;1;12.45791;41.8097;-1;1;Autovettura privata;In marcia / fermata / arresto;Conducente;M;Illeso;0;;Non accertato;Inesploso
2697231;12;15/02/2016 05:50;Regionale;VIA PONTINA NUOVA;da specificare;;;;alt. km. 13.100 (dir. Pomezia);Veicolo in marcia contro ostacolo accidentale;Rettilineo;Due carreggiate;Bagnato (pioggia);Asfaltata;Verticale ed orizzontale;Pioggia in atto;Normale;Insufficiente;Inesistente;0;0;0;2;12.45929;41.81188;-1;1;Autovettura privata;In marcia / fermata / arresto;Conducente;F;Illeso;0;;Non accertato;Inesploso
2697231;12;15/02/2016 05:50;Regionale;VIA PONTINA NUOVA;da specificare;;;;alt. km. 13.100 (dir. Pomezia);Veicolo in marcia contro ostacolo accidentale;Rettilineo;Due carreggiate;Bagnato (pioggia);Asfaltata;Verticale ed orizzontale;Pioggia in atto;Normale;Insufficiente;Inesistente;0;0;0;2;12.45929;41.81188;-1;1;Autovettura privata;In marcia / fermata / arresto;Passeggero;F;Illeso;0;;Non accertato;Inesploso
2697234;12;15/02/2016 06:25;Regionale;VIA PONTINA NUOVA;da specificare;;;;alt. km. 13.100 (dir. Pomezia);Veicolo in marcia contro ostacolo accidentale;Rettilineo;Due carreggiate;Bagnato (pioggia);Asfaltata;Verticale ed orizzontale;Pioggia in atto;Normale;Insufficiente;Inesistente;0;0;0;1;12.45791;41.80996;-1;1;Autovettura privata;In marcia / fermata / arresto;Conducente;M;Illeso;0;;Utilizzato;Inesploso
2697235;12;15/02/2016 06:30;Regionale;VIA PONTINA NUOVA;da specificare;;;;alt. km. 13.100 (dir. Pomezia);Veicolo in marcia contro ostacolo accidentale;Rettilineo;Due carreggiate;Bagnato (pioggia);Asfaltata;Verticale ed orizzontale;Pioggia in atto;Normale;Insufficiente;Inesistente;0;0;0;1;12.47165;41.83733;-1;1;Autovettura privata;In marcia / fermata / arresto;Conducente;M;Illeso;0;;Non accertato;Inesploso
2697237;12;15/02/2016 06:35;Regionale;VIA PONTINA NUOVA;da specificare;;;;alt. km. 13.100 (dir. Pomezia);Veicolo in marcia contro ostacolo accidentale;Rettilineo;Due carreggiate;Bagnato (pioggia);Asfaltata;Verticale ed orizzontale;Pioggia in atto;Normale;Insufficiente;Inesistente;0;0;0;1;12.45738;41.80864;-1;1;Autovettura privata;In marcia / fermata / arresto;Conducente;M;Illeso;0;;Non accertato;Inesploso
2697242;18;07/02/2016 21:00;Strada Urbana;VIA PIO VII;all'intersezione con;VIA ADRIANO I;VIA ADRIANO I;;;Scontro frontale/laterale DX fra veicoli in marcia;Intersezione stradale segnalata;Una carreggiata a senso unico di marcia;Asciutto;Asfaltata;Verticale ed orizzontale;Sereno;Scarso;Buona;Sufficiente;2;0;0;1;12.41612;41.90425;-1;1;Autovettura pubblica;In marcia / fermata / arresto;Conducente;M;Illeso;0;;Non accertato;Inesploso
2697242;18;07/02/2016 21:00;Strada Urbana;VIA PIO VII;all'intersezione con;VIA ADRIANO I;VIA ADRIANO I;;;Scontro frontale/laterale DX fra veicoli in marcia;Intersezione stradale segnalata;Una carreggiata a senso unico di marcia;Asciutto;Asfaltata;Verticale ed orizzontale;Sereno;Scarso;Buona;Sufficiente;2;0;0;1;12.41612;41.90425;-1;2;Autovettura privata;In marcia / fermata / arresto;Conducente;M;Rifiuta cure immediate;0;NON DECEDUTO;Non accertato;Inesploso
2697242;18;07/02/2016 21:00;Strada Urbana;VIA PIO VII;all'intersezione con;VIA ADRIANO I;VIA ADRIANO I;;;Scontro frontale/laterale DX fra veicoli in marcia;Intersezione stradale segnalata;Una carreggiata a senso unico di marcia;Asciutto;Asfaltata;Verticale ed orizzontale;Sereno;Scarso;Buona;Sufficiente;2;0;0;1;12.41612;41.90425;-1;2;Autovettura privata;In marcia / fermata / arresto;Passeggero;M;Rimandato;0;NON DECEDUTO;Non accertato;Inesploso
2697243;9;16/02/2016 15:00;Strada Urbana;VIA SOANA;in prossimità;;del civico n.;34;;Veicolo in marcia contro veicolo arresto;Rettilineo;Una carreggiata a doppio senso;Asciutto;Asfaltata;Orizzontale;Sereno;Normale;Buona;Ore Diurne;0;0;0;4;12.50879;41.88086;-1;1;Autovettura privata;In marcia / fermata / arresto;Conducente;M;Illeso;0;;Utilizzato;Inesploso
2697243;9;16/02/2016 15:00;Strada Urbana;VIA SOANA;in prossimità;;del civico n.;34;;Veicolo in marcia contro veicolo arresto;Rettilineo;Una carreggiata a doppio senso;Asciutto;Asfaltata;Orizzontale;Sereno;Normale;Buona;Ore Diurne;0;0;0;4;12.50879;41.88086;-1;1;Autovettura privata;In marcia / fermata / arresto;Passeggero;F;Illeso;0;;Utilizzato;Inesploso
2697243;9;16/02/2016 15:00;Strada Urbana;VIA SOANA;in prossimità;;del civico n.;34;;Veicolo in marcia contro veicolo arresto;Rettilineo;Una carreggiata a doppio senso;Asciutto;Asfaltata;Orizzontale;Sereno;Normale;Buona;Ore Diurne;0;0;0;4;12.50879;41.88086;-1;2;Autovettura privata;In marcia / fermata / arresto;Conducente;M;Illeso;0;;Non accertato;Inesploso
2697243;9;16/02/2016 15:00;Strada Urbana;VIA SOANA;in prossimità;;del civico n.;34;;Veicolo in marcia contro veicolo arresto;Rettilineo;Una carreggiata a doppio senso;Asciutto;Asfaltata;Orizzontale;Sereno;Normale;Buona;Ore Diurne;0;0;0;4;12.50879;41.88086;-1;2;Autovettura privata;In marcia / fermata / arresto;Passeggero;F;Illeso;0;;Utilizzato;Inesploso
2697268;16;15/02/2016 16:10;Strada Urbana;LUNGOTEVERE DEGLI ARTIGIANI;in prossimità;;del civico n.;f.c.2;;Scontro laterale fra veicoli in marcia;Rettilineo;Una carreggiata a senso unico di marcia;Asciutto;Asfaltata;Verticale ed orizzontale;Sereno;Normale;Buona;Ore Diurne;0;0;0;3;12.47026;41.87374;-1;1;Autovettura privata;In marcia / fermata / arresto;Conducente;F;Illeso;0;;;
2697268;16;15/02/2016 16:10;Strada Urbana;LUNGOTEVERE DEGLI ARTIGIANI;in prossimità;;del civico n.;f.c.2;;Scontro laterale fra veicoli in marcia;Rettilineo;Una carreggiata a senso unico di marcia;Asciutto;Asfaltata;Verticale ed orizzontale;Sereno;Normale;Buona;Ore Diurne;0;0;0;3;12.47026;41.87374;-1;2;Autovettura privata;Allontanatosi;Conducente;M;Illeso;0;;Non accertato;Inesploso
2697268;16;15/02/2016 16:10;Strada Urbana;LUNGOTEVERE DEGLI ARTIGIANI;in prossimità;;del civico n.;f.c.2;;Scontro laterale fra veicoli in marcia;Rettilineo;Una carreggiata a senso unico di marcia;Asciutto;Asfaltata;Verticale ed orizzontale;Sereno;Normale;Buona;Ore Diurne;0;0;0;3;12.47026;41.87374;-1;2;Autovettura privata;Allontanatosi;Passeggero;M;Illeso;0;;Non accertato;Inesploso
2697406;4;16/02/2016 16:40;Strada Urbana;VIA MONTE MASSICO;all'intersezione con;VIA MONTE SIRINO;VIA MONTE SIRINO;;;Scontro frontale/laterale DX fra veicoli in marcia;Incrocio;Una carreggiata a doppio senso;Asciutto;Asfaltata;Verticale ed orizzontale;Sereno;Scarso;Buona;Ore Diurne;0;0;0;6;12.53196;41.9513;-1;1;Autovettura privata;In marcia / fermata / arresto;Conducente;M;Illeso;0;;Non accertato;Inesploso
2697406;4;16/02/2016 16:40;Strada Urbana;VIA MONTE MASSICO;all'intersezione con;VIA MONTE SIRINO;VIA MONTE SIRINO;;;Scontro frontale/laterale DX fra veicoli in marcia;Incrocio;Una carreggiata a doppio senso;Asciutto;Asfaltata;Verticale ed orizzontale;Sereno;Scarso;Buona;Ore Diurne;0;0;0;6;12.53196;41.9513;-1;1;Autovettura privata;In marcia / fermata / arresto;Passeggero;F;Illeso;0;;Non accertato;Inesploso
2697406;4;16/02/2016 16:40;Strada Urbana;VIA MONTE MASSICO;all'intersezione con;VIA MONTE SIRINO;VIA MONTE SIRINO;;;Scontro frontale/laterale DX fra veicoli in marcia;Incrocio;Una carreggiata a doppio senso;Asciutto;Asfaltata;Verticale ed orizzontale;Sereno;Scarso;Buona;Ore Diurne;0;0;0;6;12.53196;41.9513;-1;1;Autovettura privata;In marcia / fermata / arresto;Passeggero;M;Illeso;0;;Non accertato;Inesistente
2697406;4;16/02/2016 16:40;Strada Urbana;VIA MONTE MASSICO;all'intersezione con;VIA MONTE SIRINO;VIA MONTE SIRINO;;;Scontro frontale/laterale DX fra veicoli in marcia;Incrocio;Una carreggiata a doppio senso;Asciutto;Asfaltata;Verticale ed orizzontale;Sereno;Scarso;Buona;Ore Diurne;0;0;0;6;12.53196;41.9513;-1;1;Autovettura privata;In marcia / fermata / arresto;Passeggero;F;Illeso;0;;Non accertato;Inesploso
2697406;4;16/02/2016 16:40;Strada Urbana;VIA MONTE MASSICO;all'intersezione con;VIA MONTE SIRINO;VIA MONTE SIRINO;;;Scontro frontale/laterale DX fra veicoli in marcia;Incrocio;Una carreggiata a doppio senso;Asciutto;Asfaltata;Verticale ed orizzontale;Sereno;Scarso;Buona;Ore Diurne;0;0;0;6;12.53196;41.9513;-1;2;Autovettura privata;In marcia / fermata / arresto;Conducente;F;Illeso;0;;Non accertato;Inesploso
2697406;4;16/02/2016 16:40;Strada Urbana;VIA MONTE MASSICO;all'intersezione con;VIA MONTE SIRINO;VIA MONTE SIRINO;;;Scontro frontale/laterale DX fra veicoli in marcia;Incrocio;Una carreggiata a doppio senso;Asciutto;Asfaltata;Verticale ed orizzontale;Sereno;Scarso;Buona;Ore Diurne;0;0;0;6;12.53196;41.9513;-1;2;Autovettura privata;In marcia / fermata / arresto;Passeggero;M;Illeso;0;;Non accertato;Inesploso
2697526;2;16/02/2016 15:00;Strada Urbana;VIALE DEL MURO TORTO;da specificare;;;;alt. Via del Galoppatoio.;Scontro frontale/laterale SX fra veicoli in marcia;Rettilineo;Più di due carreggiate;Asciutto;Asfaltata;Orizzontale;Sereno;Normale;Buona;Ore Diurne;1;0;0;1;12.48484;41.90883;-1;1;Autovettura privata;In marcia / fermata / arresto;Conducente;M;Illeso;0;;Non accertato;Inesploso
2697526;2;16/02/2016 15:00;Strada Urbana;VIALE DEL MURO TORTO;da specificare;;;;alt. Via del Galoppatoio.;Scontro frontale/laterale SX fra veicoli in marcia;Rettilineo;Più di due carreggiate;Asciutto;Asfaltata;Orizzontale;Sereno;Normale;Buona;Ore Diurne;1;0;0;1;12.48484;41.90883;-1;2;Motociclo a solo;In marcia / fermata / arresto;Conducente;F;Rimandato;0;NON DECEDUTO;Non accertato;
2697835;11;16/02/2016 19:50;Strada Urbana;VIA PAOLO DI DONO;da specificare;;;;fronte civ. 145;Veicolo in marcia contro veicolo in sosta;Rettilineo;Una carreggiata a doppio senso;Asciutto;Asfaltata;Orizzontale;Nuvoloso;Scarso;Buona;Sufficiente;0;0;0;1;12.49322;41.82866;-1;1;Autovettura privata;In marcia / fermata / arresto;Conducente;F;Illeso;0;;Non accertato;Inesploso
2697842;5;16/02/2016 16:10;Strada Urbana;VIA AUGUSTO MAMMUCARI;in prossimità;;del civico n.;35;;Scontro laterale fra veicoli in marcia;Rettilineo;Una carreggiata a doppio senso;Asciutto;Asfaltata;Assente;Sereno;Normale;Buona;Ore Diurne;0;0;0;2;12.5647;41.91636;-1;1;Autovettura privata;In marcia / fermata / arresto;Conducente;F;Illeso;0;;Non accertato;Inesploso
2697842;5;16/02/2016 16:10;Strada Urbana;VIA AUGUSTO MAMMUCARI;in prossimità;;del civico n.;35;;Scontro laterale fra veicoli in marcia;Rettilineo;Una carreggiata a doppio senso;Asciutto;Asfaltata;Assente;Sereno;Normale;Buona;Ore Diurne;0;0;0;2;12.5647;41.91636;-1;2;Autovettura privata;In marcia / fermata / arresto;Conducente;F;Illeso;0;;Non accertato;Inesploso
2697850;15;16/02/2016 18:00;Strada Urbana;PIAZZA ANTONIO MEUCCI;da specificare;;;;fronte civico 5;Scontro laterale fra veicoli in marcia;Rettilineo;Una carreggiata a senso unico di marcia;Asciutto;Asfaltata;Verticale ed orizzontale;Nuvoloso;Intenso;Insufficiente;Insufficiente;1;0;0;1;12.46412;41.86221;-1;1;Motociclo a solo;In marcia / fermata / arresto;Conducente;M;Rimandato;0;NON DECEDUTO;;
2697850;15;16/02/2016 18:00;Strada Urbana;PIAZZA ANTONIO MEUCCI;da specificare;;;;fronte civico 5;Scontro laterale fra veicoli in marcia;Rettilineo;Una carreggiata a senso unico di marcia;Asciutto;Asfaltata;Verticale ed orizzontale;Nuvoloso;Intenso;Insufficiente;Insufficiente;1;0;0;1;12.46412;41.86221;-1;2;Autovettura privata;In marcia / fermata / arresto;Conducente;M;Illeso;0;;Non accertato;
2697859;13;16/02/2016 10:40;Strada Urbana;CORSO DUCA DI GENOVA;da specificare;;;;in prossimità di Via delle Sirene;Veicolo in marcia contro ostacolo accidentale;Rettilineo;Una carreggiata a doppio senso;Asciutto;Asfaltata;Verticale ed orizzontale;Nuvoloso;Normale;Buona;Ore Diurne;1;0;0;0;12.27145;41.73394;-1;1;Motociclo a solo;In marcia / fermata / arresto;Conducente;M;Rimandato;0;NON DECEDUTO;;
2697861;11;16/02/2016 15:50;Strada Urbana;VIA APPIA PIGNATELLI;all'intersezione con;VIA APPIA ANTICA;VIA APPIA ANTICA;;;Scontro laterale fra veicoli in marcia;Incrocio;Una carreggiata a senso unico di marcia;Asciutto;Asfaltata;Verticale ed orizzontale;Sereno;Normale;Buona;Ore Diurne;0;0;0;2;12.5357;41.84614;-1;1;Autovettura privata;In marcia / fermata / arresto;Conducente;M;Illeso;0;;Non accertato;
2697861;11;16/02/2016 15:50;Strada Urbana;VIA APPIA PIGNATELLI;all'intersezione con;VIA APPIA ANTICA;VIA APPIA ANTICA;;;Scontro laterale fra veicoli in marcia;Incrocio;Una carreggiata a senso unico di marcia;Asciutto;Asfaltata;Verticale ed orizzontale;Sereno;Normale;Buona;Ore Diurne;0;0;0;2;12.5357;41.84614;-1;2;Velocipede;In marcia / fermata / arresto;Conducente;M;Illeso;0;;Esente;
2697862;15;16/02/2016 18:25;Strada Urbana;VIA DELLA MAGLIANA NUOVA;in prossimità;;del civico n.;175;;Investimento di pedone;Rettilineo;Una carreggiata a doppio senso;Bagnato (pioggia);Asfaltata;Verticale ed orizzontale;Pioggia in atto;Normale;Buona;Sufficiente;1;0;0;1;12.45669;41.8497;-1;;;;Pedone;F;Ricoverato;0;NON DECEDUTO;;
2697862;15;16/02/2016 18:25;Strada Urbana;VIA DELLA MAGLIANA NUOVA;in prossimità;;del civico n.;175;;Investimento di pedone;Rettilineo;Una carreggiata a doppio senso;Bagnato (pioggia);Asfaltata;Verticale ed orizzontale;Pioggia in atto;Normale;Buona;Sufficiente;1;0;0;1;12.45669;41.8497;-1;1;Motociclo a solo;In marcia / fermata / arresto;Conducente;M;Illeso;0;;;
2697866;9;16/02/2016 12:15;Strada Urbana;VIA ACAIA;in corrispondenza;;del civico n.;52C;;Veicolo in marcia contro veicolo in sosta;Rettilineo;Una carreggiata a doppio senso;Asciutto;Asfaltata;Orizzontale;Nuvoloso;Normale;Buona;Ore Diurne;0;0;0;1;12.50788;41.87615;-1;1;Autovettura privata;In marcia / fermata / arresto;Conducente;F;Illeso;0;;Non accertato;
2697869;13;16/02/2016 14:10;Strada Urbana;VIA DELLA TOLDA;all'intersezione con;VIA DELLE TARTANE;VIA DELLE TARTANE;;;Scontro frontale/laterale DX fra veicoli in marcia;Incrocio;Una carreggiata a doppio senso;Asciutto;Asfaltata;Verticale;Nuvoloso;Normale;Buona;Ore Diurne;1;0;0;1;12.29314;41.72575;-1;1;Autovettura privata;In marcia / fermata / arresto;Conducente;F;Rimandato;0;NON DECEDUTO;;
2697869;13;16/02/2016 14:10;Strada Urbana;VIA DELLA TOLDA;all'intersezione con;VIA DELLE TARTANE;VIA DELLE TARTANE;;;Scontro frontale/laterale DX fra veicoli in marcia;Incrocio;Una carreggiata a doppio senso;Asciutto;Asfaltata;Verticale;Nuvoloso;Normale;Buona;Ore Diurne;1;0;0;1;12.29314;41.72575;-1;2;Autovettura privata;In marcia / fermata / arresto;Conducente;F;Illeso;0;;;
2697870;5;16/02/2016 17:30;Strada Urbana;VIA DONATO MENICHELLA;all'intersezione con;VIA ALDO SANDULLI;VIA ALDO SANDULLI;;;Scontro laterale fra veicoli in marcia;Incrocio;Una carreggiata a senso unico di marcia;Asciutto;Asfaltata;Verticale ed orizzontale;Nuvoloso;Normale;Sufficiente;Sufficiente;0;0;0;2;12.58585;41.94788;-1;1;Autovettura privata;In marcia / fermata / arresto;Conducente;F;Illeso;0;;Non accertato;Inesploso
2697870;5;16/02/2016 17:30;Strada Urbana;VIA DONATO MENICHELLA;all'intersezione con;VIA ALDO SANDULLI;VIA ALDO SANDULLI;;;Scontro laterale fra veicoli in marcia;Incrocio;Una carreggiata a senso unico di marcia;Asciutto;Asfaltata;Verticale ed orizzontale;Nuvoloso;Normale;Sufficiente;Sufficiente;0;0;0;2;12.58585;41.94788;-1;2;Autovettura privata;In marcia / fermata / arresto;Conducente;M;Illeso;0;;Non accertato;Inesploso