Protocollo;Gruppo;DataOraIncidente;Localizzazione1;STRADA1;Localizzazione2;STRADA2;Strada02;Chilometrica;DaSpecificare;NaturaIncidente;particolaritastrade;TipoStrada;FondoStradale;Pavimentazione;Segnaletica;CondizioneAtmosferica;Traffico;Visibilita;Illuminazione;NUM_FERITI;NUM_RISERVATA;NUM_MORTI;NUM_ILLESI;Longitudine;Latitudine;Confermato;Progressivo;TipoVeicolo;StatoVeicolo;TipoPersona;Sesso;Tipolesione;Deceduto;DecedutoDopo;CinturaCascoUtilizzato;Airbag
2698051;7;17/02/2016 01:50;Strada Urbana;VIA PIEVEBOVIGLIANA;all'intersezione con;LARGO CAMERANO;LARGO CAMERANO;;;Scontro frontale/laterale SX fra veicoli in marcia;Incrocio;Una carreggiata a senso unico di marcia;Bagnato (pioggia);Asfaltata;Orizzontale;Nuvoloso;Normale;Buona;Sufficiente;0;0;0;3;12.58697;41.93941;-1;3;Autovettura privata;In marcia / fermata / arresto;Passeggero;F;Illeso;0;;Non accertato;Inesploso
2698066;4;17/02/2016 08:10;Strada Urbana;VIA DELLE VALLI;in prossimità;;del palo luce n.;63;;Scontro laterale fra veicoli in marcia;Rettilineo;Due carreggiate;Asciutto;Asfaltata;Orizzontale;Nuvoloso;Normale;Buona;Ore Diurne;1;0;0;1;12.52395;41.93592;-1;1;Autocarro inferiore 35 q.;In marcia / fermata / arresto;Conducente;M;Illeso;0;;Non accertato;Inesploso
2698066;4;17/02/2016 08:10;Strada Urbana;VIA DELLE VALLI;in prossimità;;del palo luce n.;63;;Scontro laterale fra veicoli in marcia;Rettilineo;Due carreggiate;Asciutto;Asfaltata;Orizzontale;Nuvoloso;Normale;Buona;Ore Diurne;1;0;0;1;12.52395;41.93592;-1;2;Motociclo a solo;In marcia / fermata / arresto;Conducente;F;Rimandato;0;NON DECEDUTO;Non accertato;
2698067;4;16/02/2016 16:50;Strada Urbana;VIA CAVRIGLIA;in corrispondenza;;del civico n.;29;;Scontro laterale fra veicoli in marcia;Curva a visuale libera;Una carreggiata a doppio senso;Asciutto;Asfaltata;Verticale ed orizzontale;Nuvoloso;Normale;Buona;Ore Diurne;0;0;0;2;12.51405;41.94831;-1;1;Autovettura privata;In marcia / fermata / arresto;Conducente;M;Illeso;0;;Non accertato;Inesploso
2698067;4;16/02/2016 16:50;Strada Urbana;VIA CAVRIGLIA;in corrispondenza;;del civico n.;29;;Scontro laterale fra veicoli in marcia;Curva a visuale libera;Una carreggiata a doppio senso;Asciutto;Asfaltata;Verticale ed orizzontale;Nuvoloso;Normale;Buona;Ore Diurne;0;0;0;2;12.51405;41.94831;-1;2;Autovettura privata;In marcia / fermata / arresto;Conducente;M;Illeso;0;;Non accertato;Inesploso
2698081;4;16/02/2016 10:40;Strada Urbana;VIALE JONIO;in corrispondenza;;del civico n.;182;;Scontro laterale fra veicoli in marcia;Rettilineo;Due carreggiate;Asciutto;Asfaltata;Verticale;Nuvoloso;Normale;Buona;Ore Diurne;0;0;0;2;12.53535;41.94465;-1;1;Motociclo a solo;In marcia / fermata / arresto;Conducente;M;Illeso;0;;Non accertato;
2698081;4;16/02/2016 10:40;Strada Urbana;VIALE JONIO;in corrispondenza;;del civico n.;182;;Scontro laterale fra veicoli in marcia;Rettilineo;Due carreggiate;Asciutto;Asfaltata;Verticale;Nuvoloso;Normale;Buona;Ore Diurne;0;0;0;2;12.53535;41.94465;-1;2;Autocarro inferiore 35 q.;In marcia / fermata / arresto;Conducente;M;Illeso;0;;;
2698103;4;16/02/2016 11:25;Strada Urbana;VIA AMALIA BETTINI;da specificare;;;;prossimità rotatoria con viale G. Cervi;Scontro laterale fra veicoli in marcia;Curva a visuale libera;Due carreggiate;Asciutto;Asfaltata;Verticale ed orizzontale;Nuvoloso;Normale;Buona;Ore Diurne;0;0;0;2;12.5308;41.96488;-1;1;Autovettura privata;In marcia / fermata / arresto;Conducente;F;Illeso;0;;Non accertato;
2698103;4;16/02/2016 11:25;Strada Urbana;VIA AMALIA BETTINI;da specificare;;;;prossimità rotatoria con viale G. Cervi;Scontro laterale fra veicoli in marcia;Curva a visuale libera;Due carreggiate;Asciutto;Asfaltata;Verticale ed orizzontale;Nuvoloso;Normale;Buona;Ore Diurne;0;0;0;2;12.5308;41.96488;-1;2;Autovettura privata;In marcia / fermata / arresto;Conducente;F;Illeso;0;;Non accertato;
2698138;17;16/02/2016 11:05;Strada Urbana;PIAZZA DELLE CINQUE GIORNATE;all'intersezione semaforizzata con;VIA GIOVANNI NICOTERA;VIA GIOVANNI NICOTERA;;;Scontro frontale/laterale SX fra veicoli in marcia;Intersezione semaforizzata;Due carreggiate;Asciutto;Asfaltata;Verticale ed orizzontale;Nuvoloso;Normale;Buona;Ore Diurne;0;0;0;2;12.46849;41.91536;-1;1;Autovettura privata;In marcia / fermata / arresto;Conducente;M;Illeso;0;;;
2698138;17;16/02/2016 11:05;Strada Urbana;PIAZZA DELLE CINQUE GIORNATE;all'intersezione semaforizzata con;VIA GIOVANNI NICOTERA;VIA GIOVANNI NICOTERA;;;Scontro frontale/laterale SX fra veicoli in marcia;Intersezione semaforizzata;Due carreggiate;Asciutto;Asfaltata;Verticale ed orizzontale;Nuvoloso;Normale;Buona;Ore Diurne;0;0;0;2;12.46849;41.91536;-1;2;Autovettura di polizia;In marcia / fermata / arresto;Conducente;M;Illeso;0;;;
2698163;18;08/02/2016 14:05;Strada Urbana;VIA DI TORRE ROSSA;in prossimità;;del civico n.;35;;Veicolo in marcia contro veicoli in sosta;Rettilineo;Una carreggiata a doppio senso;Asciutto;Asfaltata;Verticale ed orizzontale;Sereno;Scarso;Buona;Ore Diurne;0;0;0;1;12.42858;41.8939;-1;1;Autobus urbano;In marcia / fermata / arresto;Conducente;M;Illeso;0;;Non accertato;Inesploso
2698173;18;09/02/2016 10:50;Strada Urbana;VIA PAOLO II;da specificare;;;;fronte civico n.7;Veicolo in marcia contro veicolo in sosta;Rettilineo;Una carreggiata a senso unico di marcia;Asciutto;Asfaltata;Verticale ed orizzontale;Sereno;Scarso;Buona;Ore Diurne;0;0;0;2;12.45388;41.89841;-1;1;Autovettura privata;In marcia / fermata / arresto;Conducente;M;Illeso;0;;Non accertato;Inesploso
2698173;18;09/02/2016 10:50;Strada Urbana;VIA PAOLO II;da specificare;;;;fronte civico n.7;Veicolo in marcia contro veicolo in sosta;Rettilineo;Una carreggiata a senso unico di marcia;Asciutto;Asfaltata;Verticale ed orizzontale;Sereno;Scarso;Buona;Ore Diurne;0;0;0;2;12.45388;41.89841;-1;1;Autovettura privata;In marcia / fermata / arresto;Passeggero;M;Illeso;0;;Non accertato;Inesploso
2698175;4;16/02/2016 18:00;Strada Urbana;VIA GIOVANNI CONTI;all'intersezione semaforizzata con;VIA ANTONIO DE CURTIS;VIA ANTONIO DE CURTIS;;;Scontro laterale fra veicoli in marcia;Incrocio;Due carreggiate;Bagnato (umidità in atto);Asfaltata;Verticale;Nuvoloso;Normale;Buona;Sufficiente;2;0;0;1;12.53109;41.95456;-1;1;Autovettura privata;In marcia / fermata / arresto;Conducente;M;Rifiuta cure immediate;0;NON DECEDUTO;;
2698175;4;16/02/2016 18:00;Strada Urbana;VIA GIOVANNI CONTI;all'intersezione semaforizzata con;VIA ANTONIO DE CURTIS;VIA ANTONIO DE CURTIS;;;Scontro laterale fra veicoli in marcia;Incrocio;Due carreggiate;Bagnato (umidità in atto);Asfaltata;Verticale;Nuvoloso;Normale;Buona;Sufficiente;2;0;0;1;12.53109;41.95456;-1;2;Autovettura privata;In marcia / fermata / arresto;Conducente;M;Illeso;0;;Non accertato;Inesploso
2698175;4;16/02/2016 18:00;Strada Urbana;VIA GIOVANNI CONTI;all'intersezione semaforizzata con;VIA ANTONIO DE CURTIS;VIA ANTONIO DE CURTIS;;;Scontro laterale fra veicoli in marcia;Incrocio;Due carreggiate;Bagnato (umidità in atto);Asfaltata;Verticale;Nuvoloso;Normale;Buona;Sufficiente;2;0;0;1;12.53109;41.95456;-1;2;Autovettura privata;In marcia / fermata / arresto;Passeggero;F;Rimandato;0;NON DECEDUTO;Non accertato;Inesploso
2698194;17;16/02/2016 12:50;Strada Urbana;VIA DI VILLA MADAMA;in corrispondenza;;del civico n.;5;;Investimento di pedone;Rettilineo;Una carreggiata a doppio senso;Asciutto;Asfaltata;Verticale ed orizzontale;Nuvoloso;Scarso;Buona;Ore Diurne;1;0;0;1;12.45648;41.92469;-1;;;;Pedone;M;Rimandato;0;NON DECEDUTO;;
2698194;17;16/02/2016 12:50;Strada Urbana;VIA DI VILLA MADAMA;in corrispondenza;;del civico n.;5;;Investimento di pedone;Rettilineo;Una carreggiata a doppio senso;Asciutto;Asfaltata;Verticale ed orizzontale;Nuvoloso;Scarso;Buona;Ore Diurne;1;0;0;1;12.45648;41.92469;-1;1;Autovettura privata;In marcia / fermata / arresto;Conducente;M;Illeso;0;;;Inesploso
2698199;10;17/02/2016 09:10;Strada Urbana;VIA FRANCESCO DI BENEDETTO;in prossimità;;del civico n.;273;;Scontro laterale fra veicoli in marcia;Rettilineo;Una carreggiata a doppio senso;Asciutto;Asfaltata;Orizzontale;Nuvoloso;Scarso;Buona;Ore Diurne;0;0;0;3;12.60117;41.8387;-1;1;Autocarro superiore 35 q.;In marcia / fermata / arresto;Conducente;M;Illeso;0;;Esente;Inesistente
2698199;10;17/02/2016 09:10;Strada Urbana;VIA FRANCESCO DI BENEDETTO;in prossimità;;del civico n.;273;;Scontro laterale fra veicoli in marcia;Rettilineo;Una carreggiata a doppio senso;Asciutto;Asfaltata;Orizzontale;Nuvoloso;Scarso;Buona;Ore Diurne;0;0;0;3;12.60117;41.8387;-1;2;Autovettura privata;In marcia / fermata / arresto;Conducente;M;Illeso;0;;Non accertato;Inesploso
2698199;10;17/02/2016 09:10;Strada Urbana;VIA FRANCESCO DI BENEDETTO;in prossimità;;del civico n.;273;;Scontro laterale fra veicoli in marcia;Rettilineo;Una carreggiata a doppio senso;Asciutto;Asfaltata;Orizzontale;Nuvoloso;Scarso;Buona;Ore Diurne;0;0;0;3;12.60117;41.8387;-1;2;Autovettura privata;In marcia / fermata / arresto;Passeggero;M;Illeso;0;;Non accertato;Inesploso
2698230;17;16/02/2016;Strada Urbana;VIA DI PORTA PERTUSA;da specificare;;;;del fr. civ. 2B;Infortunio per sola frenata improvvisa;Curva senza visuale libera;Una carreggiata a senso unico di marcia;Asciutto;Asfaltata;Assente;Sereno;Normale;Buona;Ore Diurne;1;0;0;0;12.44612;41.90146;-1;1;Motociclo a solo;In marcia / fermata / arresto;Conducente;M;Ricoverato;0;NON DECEDUTO;;
2698274;6;17/02/2016 07:40;Strada Urbana;VIA LEONARDO BUFALINI;all'intersezione con;VIA PIETRO RUGA;VIA PIETRO RUGA;;;Scontro frontale/laterale DX fra veicoli in marcia;Intersezione stradale segnalata;Due carreggiate;Bagnato (umidità in atto);Asfaltata;Verticale ed orizzontale;Nuvoloso;Normale;Buona;Ore Diurne;2;0;0;0;12.53876;41.8828;-1;1;Autovettura privata;In marcia / fermata / arresto;Conducente;M;Rifiuta cure immediate;0;NON DECEDUTO;Non accertato;
2698274;6;17/02/2016 07:40;Strada Urbana;VIA LEONARDO BUFALINI;all'intersezione con;VIA PIETRO RUGA;VIA PIETRO RUGA;;;Scontro frontale/laterale DX fra veicoli in marcia;Intersezione stradale segnalata;Due carreggiate;Bagnato (umidità in atto);Asfaltata;Verticale ed orizzontale;Nuvoloso;Normale;Buona;Ore Diurne;2;0;0;0;12.53876;41.8828;-1;2;Autovettura privata;In marcia / fermata / arresto;Conducente;F;Rimandato;0;NON DECEDUTO;;
2698323;2;16/02/2016 18:20;Strada Urbana;VIA GIACOMO PUCCINI;in corrispondenza;;del civico n.;12;;Scontro laterale fra veicoli in marcia;Rettilineo;Una carreggiata a doppio senso;Asciutto;Asfaltata;Verticale ed orizzontale;Nuvoloso;Normale;Buona;Sufficiente;0;0;0;2;12.49256;41.91217;-1;1;Autovettura privata;In marcia / fermata / arresto;Conducente;M;Illeso;0;;;
2698323;2;16/02/2016 18:20;Strada Urbana;VIA GIACOMO PUCCINI;in corrispondenza;;del civico n.;12;;Scontro laterale fra veicoli in marcia;Rettilineo;Una carreggiata a doppio senso;Asciutto;Asfaltata;Verticale ed orizzontale;Nuvoloso;Normale;Buona;Sufficiente;0;0;0;2;12.49256;41.91217;-1;2;Motociclo a solo;In marcia / fermata / arresto;Conducente;M;Illeso;0;;;
2698342;2;16/02/2016 09:30;Strada Urbana;PIAZZA SANTIAGO DEL CILE;in corrispondenza;;del civico n.;12;;Scontro frontale/laterale DX fra veicoli in marcia;Rotatoria;Una carreggiata a senso unico di marcia;Asciutto;Asfaltata;Verticale ed orizzontale;Sereno;Normale;Buona;Ore Diurne;0;0;0;3;12.48681;41.92591;-1;1;Autovettura privata;In marcia / fermata / arresto;Conducente;M;Illeso;0;;Non accertato;Inesploso
2698342;2;16/02/2016 09:30;Strada Urbana;PIAZZA SANTIAGO DEL CILE;in corrispondenza;;del civico n.;12;;Scontro frontale/laterale DX fra veicoli in marcia;Rotatoria;Una carreggiata a senso unico di marcia;Asciutto;Asfaltata;Verticale ed orizzontale;Sereno;Normale;Buona;Ore Diurne;0;0;0;3;12.48681;41.92591;-1;1;Autovettura privata;In marcia / fermata / arresto;Passeggero;F;Illeso;0;;Non accertato;Inesploso
2698342;2;16/02/2016 09:30;Strada Urbana;PIAZZA SANTIAGO DEL CILE;in corrispondenza;;del civico n.;12;;Scontro frontale/laterale DX fra veicoli in marcia;Rotatoria;Una carreggiata a senso unico di marcia;Asciutto;Asfaltata;Verticale ed orizzontale;Sereno;Normale;Buona;Ore Diurne;0;0;0;3;12.48681;41.92591;-1;2;Autovettura pubblica;In marcia / fermata / arresto;Conducente;M;Illeso;0;;Non accertato;Inesploso
2698355;2;16/02/2016 10:45;Strada Urbana;VIA SALARIA;da specificare;;;;alt. VIA DEL FORO ITALICO dir. GRA;Veicolo in marcia contro ostacolo accidentale;Rettilineo;Due carreggiate;Sdrucciolevole (pietrisco);Asfaltata;Orizzontale;Nuvoloso;Normale;Buona;Ore Diurne;0;0;0;1;12.50934;41.93529;-1;1;Motociclo a solo;In marcia / fermata / arresto;Conducente;M;Illeso;0;;;
2698358;2;16/02/2016 10:20;Strada Urbana;VIALE BRUNO BUOZZI;all'intersezione semaforizzata con;VIA ANTONIO GRAMSCI;VIA ANTONIO GRAMSCI;;;Scontro laterale fra veicoli in marcia;Intersezione semaforizzata;Una carreggiata a doppio senso;Asciutto;Asfaltata;Verticale ed orizzontale;Nuvoloso;Normale;Buona;Ore Diurne;0;0;0;2;12.47897;41.91964;-1;1;Autovettura privata;In marcia / fermata / arresto;Conducente;M;Illeso;0;;;
2698358;2;16/02/2016 10:20;Strada Urbana;VIALE BRUNO BUOZZI;all'intersezione semaforizzata con;VIA ANTONIO GRAMSCI;VIA ANTONIO GRAMSCI;;;Scontro laterale fra veicoli in marcia;Intersezione semaforizzata;Una carreggiata a doppio senso;Asciutto;Asfaltata;Verticale ed orizzontale;Nuvoloso;Normale;Buona;Ore Diurne;0;0;0;2;12.47897;41.91964;-1;2;Autovettura privata;In marcia / fermata / arresto;Conducente;M;Illeso;0;;;
2698360;2;16/02/2016 15:50;Strada Urbana;PIAZZA DI S. COSTANZA;all'intersezione con;VIA BRESSANONE;VIA BRESSANONE;;;Veicolo in marcia contro veicolo fermo;Incrocio;Una carreggiata a senso unico di marcia;Asciutto;Asfaltata;Verticale ed orizzontale;Nuvoloso;Intenso;Buona;Ore Diurne;0;0;0;3;12.51616;41.92204;-1;1;Autovettura di polizia;In marcia / fermata / arresto;Conducente;M;Illeso;0;;;
2698360;2;16/02/2016 15:50;Strada Urbana;PIAZZA DI S. COSTANZA;all'intersezione con;VIA BRESSANONE;VIA BRESSANONE;;;Veicolo in marcia contro veicolo fermo;Incrocio;Una carreggiata a senso unico di marcia;Asciutto;Asfaltata;Verticale ed orizzontale;Nuvoloso;Intenso;Buona;Ore Diurne;0;0;0;3;12.51616;41.92204;-1;1;Autovettura di polizia;In marcia / fermata / arresto;Passeggero;F;Illeso;0;;;
2698360;2;16/02/2016 15:50;Strada Urbana;PIAZZA DI S. COSTANZA;all'intersezione con;VIA BRESSANONE;VIA BRESSANONE;;;Veicolo in marcia contro veicolo fermo;Incrocio;Una carreggiata a senso unico di marcia;Asciutto;Asfaltata;Verticale ed orizzontale;Nuvoloso;Intenso;Buona;Ore Diurne;0;0;0;3;12.51616;41.92204;-1;2;Autovettura privata;In marcia / fermata / arresto;Conducente;M;Illeso;0;;;
2698373;12;16/02/2016 19:30;Provinciale;VIA LAURENTINA;in corrispondenza;;della chilometrica;14;;Tamponamento;Rettilineo;Una carreggiata a doppio senso;Asciutto;Asfaltata;Temporanea di cantiere;Nuvoloso;Normale;Sufficiente;Inesistente;1;0;0;1;12.50149;41.74888;-1;1;Autovettura privata;In marcia / fermata / arresto;Conducente;F;Rimandato;0;NON DECEDUTO;Non accertato;Inesploso
2698373;12;16/02/2016 19:30;Provinciale;VIA LAURENTINA;in corrispondenza;;della chilometrica;14;;Tamponamento;Rettilineo;Una carreggiata a doppio senso;Asciutto;Asfaltata;Temporanea di cantiere;Nuvoloso;Normale;Sufficiente;Inesistente;1;0;0;1;12.50149;41.74888;-1;2;Autovettura privata;In marcia / fermata / arresto;Conducente;M;Illeso;0;;Non accertato;Esploso
2698376;2;16/02/2016 19:35;Strada Urbana;PIAZZA GONDAR;all'intersezione con;VIA DELLE VALLI;VIA DELLE VALLI;;;Tamponamento;Intersezione semaforizzata;Due carreggiate;Asciutto;Asfaltata;Verticale ed orizzontale;Sereno;Normale;Buona;Sufficiente;0;0;0;2;12.52092;41.93333;-1;1;Autovettura privata;In marcia / fermata / arresto;Conducente;F;Illeso;0;;;
2698376;2;16/02/2016 19:35;Strada Urbana;PIAZZA GONDAR;all'intersezione con;VIA DELLE VALLI;VIA DELLE VALLI;;;Tamponamento;Intersezione semaforizzata;Due carreggiate;Asciutto;Asfaltata;Verticale ed orizzontale;Sereno;Normale;Buona;Sufficiente;0;0;0;2;12.52092;41.93333;-1;2;Autovettura privata;In marcia / fermata / arresto;Conducente;M;Illeso;0;;;
2698383;18;15/02/2016 21:45;Strada Urbana;VIA DI BOCCEA;all'intersezione con;LARGO GREGORIO XIII;LARGO GREGORIO XIII;;;Scontro frontale/laterale SX fra veicoli in marcia;Incrocio;Una carreggiata a doppio senso;Asciutto;Asfaltata;Verticale ed orizzontale;Nuvoloso;Scarso;Sufficiente;Sufficiente;2;0;0;0;12.41886;41.90354;-1;1;Autovettura privata;In marcia / fermata / arresto;Conducente;F;Rimandato;0;NON DECEDUTO;;
2698383;18;15/02/2016 21:45;Strada Urbana;VIA DI BOCCEA;all'intersezione con;LARGO GREGORIO XIII;LARGO GREGORIO XIII;;;Scontro frontale/laterale SX fra veicoli in marcia;Incrocio;Una carreggiata a doppio senso;Asciutto;Asfaltata;Verticale ed orizzontale;Nuvoloso;Scarso;Sufficiente;Sufficiente;2;0;0;0;12.41886;41.90354;-1;2;Autovettura privata;In marcia / fermata / arresto;Conducente;M;Rimandato;0;NON DECEDUTO;;
2698424;10;17/02/2016 10:55;Strada Urbana;VIA TUSCOLANA;all'intersezione semaforizzata con;VIA DELLE CAPANNELLE;VIA DELLE CAPANNELLE;;;Tamponamento;Intersezione semaforizzata;Una carreggiata a senso unico di marcia;Asciutto;Asfaltata;Verticale ed orizzontale;Nuvoloso;Normale;Buona;Ore Diurne;0;0;0;2;12.57542;41.84853;-1;1;Autovettura privata;In marcia / fermata / arresto;Conducente;M;Illeso;0;;Non accertato;Inesploso
2698424;10;17/02/2016 10:55;Strada Urbana;VIA TUSCOLANA;all'intersezione semaforizzata con;VIA DELLE CAPANNELLE;VIA DELLE CAPANNELLE;;;Tamponamento;Intersezione semaforizzata;Una carreggiata a senso unico di marcia;Asciutto;Asfaltata;Verticale ed orizzontale;Nuvoloso;Normale;Buona;Ore Diurne;0;0;0;2;12.57542;41.84853;-1;2;Autovettura privata;In marcia / fermata / arresto;Conducente;F;Illeso;0;;Non accertato;Inesploso
2698429;16;16/02/2016 23:50;Strada Urbana;VIA ODERISI DA GUBBIO;in prossimità;;del civico n.;192;;Veicolo in marcia contro veicolo in sosta;Rettilineo;Una carreggiata a doppio senso;Bagnato (pioggia);Asfaltata;Assente;Nuvoloso;Scarso;Sufficiente;Sufficiente;1;0;0;1;12.46483;41.86461;-1;2;Autovettura privata;In marcia / fermata / arresto;Conducente;M;Illeso;0;;Non accertato;Inesploso
2698429;16;16/02/2016 23:50;Strada Urbana;VIA ODERISI DA GUBBIO;in prossimità;;del civico n.;192;;Veicolo in marcia contro veicolo in sosta;Rettilineo;Una carreggiata a doppio senso;Bagnato (pioggia);Asfaltata;Assente;Nuvoloso;Scarso;Sufficiente;Sufficiente;1;0;0;1;12.46483;41.86461;-1;2;Autovettura privata;In marcia / fermata / arresto;Passeggero;F;Rimandato;0;NON DECEDUTO;Non accertato;
2698459;16;16/02/2016 03:30;Strada Urbana;VIA PORTUENSE;da specificare;;;;cavalc. V.le Newton 100mt prima svinc.dir.Trullo;Veicolo in marcia contro ostacolo fisso;Cavalcavia;Una carreggiata a senso unico di marcia;Asciutto;Asfaltata;Verticale ed orizzontale;Sereno;Scarso;Buona;Sufficiente;1;0;0;1;12.40939;41.84342;-1;1;Autovettura privata;In marcia / fermata / arresto;Conducente;M;Illeso;0;;Non accertato;Inesploso
2698459;16;16/02/2016 03:30;Strada Urbana;VIA PORTUENSE;da specificare;;;;cavalc. V.le Newton 100mt prima svinc.dir.Trullo;Veicolo in marcia contro ostacolo fisso;Cavalcavia;Una carreggiata a senso unico di marcia;Asciutto;Asfaltata;Verticale ed orizzontale;Sereno;Scarso;Buona;Sufficiente;1;0;0;1;12.40939;41.84342;-1;1;Autovettura privata;In marcia / fermata / arresto;Passeggero;M;Ricoverato;0;NON DECEDUTO;Non accertato;Esploso
2698462;7;17/02/2016 10:10;Strada Urbana;VIA EMILIO LONGONI;in prossimità;;del civico n.;79;;Scontro frontale/laterale SX fra veicoli in marcia;Rettilineo;Due carreggiate;Asciutto;Asfaltata;Verticale ed orizzontale;Nuvoloso;Normale;Buona;Ore Diurne;1;0;0;1;12.60368;41.90007;-1;1;Autovettura privata;In marcia / fermata / arresto;Conducente;F;Rimandato;0;NON DECEDUTO;Non accertato;Inesploso
2698462;7;17/02/2016 10:10;Strada Urbana;VIA EMILIO LONGONI;in prossimità;;del civico n.;79;;Scontro frontale/laterale SX fra veicoli in marcia;Rettilineo;Due carreggiate;Asciutto;Asfaltata;Verticale ed orizzontale;Nuvoloso;Normale;Buona;Ore Diurne;1;0;0;1;12.60368;41.90007;-1;2;Autovettura privata;In marcia / fermata / arresto;Conducente;F;Illeso;0;;Non accertato;Inesploso
2698472;16;17/02/2016 07:45;Strada Urbana;VIA DEL CASALE LUMBROSO;all'intersezione con;VIA ALESSANDRO SANTINI;VIA ALESSANDRO SANTINI;;;Scontro frontale/laterale DX fra veicoli in marcia;Incrocio;Due carreggiate;Bagnato (umidità in atto);Asfaltata;Verticale ed orizzontale;Nuvoloso;Normale;Buona;Ore Diurne;1;0;0;1;12.35754;41.87695;-1;1;Autovettura privata;In marcia / fermata / arresto;Conducente;M;Illeso;0;;Non accertato;
2698472;16;17/02/2016 07:45;Strada Urbana;VIA DEL CASALE LUMBROSO;all'intersezione con;VIA ALESSANDRO SANTINI;VIA ALESSANDRO SANTINI;;;Scontro frontale/laterale DX fra veicoli in marcia;Incrocio;Due carreggiate;Bagnato (umidità in atto);Asfaltata;Verticale ed orizzontale;Nuvoloso;Normale;Buona;Ore Diurne;1;0;0;1;12.35754;41.87695;-1;2;Motociclo a solo;In marcia / fermata / arresto;Conducente;M;Rimandato;0;NON DECEDUTO;Non accertato;
2698481;23;16/02/2016 15:50;Comunale extraurbana;VIA CRISTOFORO COLOMBO;all'intersezione semaforizzata con;VIA PINDARO;VIA PINDARO;;;Scontro frontale/laterale DX fra veicoli in marcia;Intersezione semaforizzata;Più di due carreggiate;Asciutto;Asfaltata;Verticale ed orizzontale;Sereno;Normale;Buona;Ore Diurne;3;0;0;0;12.36961;41.75497;-1;1;Autovettura privata;In marcia / fermata / arresto;Conducente;M;Rimandato;0;NON DECEDUTO;Utilizzato;Esploso
2698481;23;16/02/2016 15:50;Comunale extraurbana;VIA CRISTOFORO COLOMBO;all'intersezione semaforizzata con;VIA PINDARO;VIA PINDARO;;;Scontro frontale/laterale DX fra veicoli in marcia;Intersezione semaforizzata;Più di due carreggiate;Asciutto;Asfaltata;Verticale ed orizzontale;Sereno;Normale;Buona;Ore Diurne;3;0;0;0;12.36961;41.75497;-1;2;Autovettura privata;In marcia / fermata / arresto;Conducente;F;Rimandato;0;NON DECEDUTO;Non utilizzato;Esploso
2698481;23;16/02/2016 15:50;Comunale extraurbana;VIA CRISTOFORO COLOMBO;all'intersezione semaforizzata con;VIA PINDARO;VIA PINDARO;;;Scontro frontale/laterale DX fra veicoli in marcia;Intersezione semaforizzata;Più di due carreggiate;Asciutto;Asfaltata;Verticale ed orizzontale;Sereno;Normale;Buona;Ore Diurne;3;0;0;0;12.36961;41.75497;-1;2;Autovettura privata;In marcia / fermata / arresto;Passeggero;M;Rimandato;0;NON DECEDUTO;Non accertato;Esploso
2698493;2;17/02/2016 11:10;Strada Urbana;VIALE PARIOLI;all'intersezione con;VIA NINO OXILIA;VIA NINO OXILIA;;;Ribaltamento senza urto contro ostacolo fisso;Incrocio;Una carreggiata a doppio senso;Asciutto;Asfaltata;Verticale ed orizzontale;Nuvoloso;Normale;Buona;Ore Diurne;1;0;0;0;12.48787;41.92567;-1;1;Motociclo a solo;In marcia / fermata / arresto;Conducente;M;Rimandato;0;NON DECEDUTO;Non accertato;
2698601;19;17/02/2016 08:30;Strada Urbana;VIA DI CASAL DEL MARMO;in corrispondenza;;del civico n.;182/A;;Scontro frontale/laterale SX fra veicoli in marcia;Rettilineo;Una carreggiata a doppio senso;Asciutto;Asfaltata;Orizzontale;Nuvoloso;Normale;Buona;Ore Diurne;1;0;0;2;12.40366;41.95629;-1;1;Autovettura privata;In marcia / fermata / arresto;Conducente;M;Illeso;0;;;
2698601;19;17/02/2016 08:30;Strada Urbana;VIA DI CASAL DEL MARMO;in corrispondenza;;del civico n.;182/A;;Scontro frontale/laterale SX fra veicoli in marcia;Rettilineo;Una carreggiata a doppio senso;Asciutto;Asfaltata;Orizzontale;Nuvoloso;Normale;Buona;Ore Diurne;1;0;0;2;12.40366;41.95629;-1;1;Autovettura privata;In marcia / fermata / arresto;Passeggero;F;Illeso;0;;Non accertato;Inesploso
2698601;19;17/02/2016 08:30;Strada Urbana;VIA DI CASAL DEL MARMO;in corrispondenza;;del civico n.;182/A;;Scontro frontale/laterale SX fra veicoli in marcia;Rettilineo;Una carreggiata a doppio senso;Asciutto;Asfaltata;Orizzontale;Nuvoloso;Normale;Buona;Ore Diurne;1;0;0;2;12.40366;41.95629;-1;2;Motociclo a solo;In marcia / fermata / arresto;Conducente;M;Rimandato;0;NON DECEDUTO;Non accertato;
2698610;19;17/02/2016 10:15;Strada Urbana;VIA MARIO FANI;in prossimità;;del civico n.;106;;Veicolo in marcia contro veicolo in sosta;Rettilineo;Una carreggiata a doppio senso;Asciutto;Asfaltata;Assente;Nuvoloso;Normale;Buona;Ore Diurne;0;0;0;1;12.44146;41.93809;-1;1;Autovettura privata;In marcia / fermata / arresto;Conducente;M;Illeso;0;;Non accertato;Inesploso
2698661;12;16/02/2016 17:20;Provinciale;VIA DELLA FALCOGNANA;da specificare;;;;prossimità Via Paduli;Scontro laterale fra veicoli in marcia;Curva a visuale libera;Una carreggiata a doppio senso;Bagnato (pioggia);Asfaltata;Verticale;Nuvoloso;Normale;Insufficiente;Inesistente;2;0;0;2;12.57791;41.75881;-1;1;Autocarro inferiore 35 q.;In marcia / fermata / arresto;Conducente;M;Illeso;0;;Utilizzato;Inesploso