Protocollo;Gruppo;DataOraIncidente;Localizzazione1;STRADA1;Localizzazione2;STRADA2;Strada02;Chilometrica;DaSpecificare;NaturaIncidente;particolaritastrade;TipoStrada;FondoStradale;Pavimentazione;Segnaletica;CondizioneAtmosferica;Traffico;Visibilita;Illuminazione;NUM_FERITI;NUM_RISERVATA;NUM_MORTI;NUM_ILLESI;Longitudine;Latitudine;Confermato;Progressivo;TipoVeicolo;StatoVeicolo;TipoPersona;Sesso;Tipolesione;Deceduto;DecedutoDopo;CinturaCascoUtilizzato;Airbag
2701191;9;19/02/2016 06:00;Strada Urbana;VIA TUSCOLANA;da specificare;;;;fronte LARGO PAOLA FRASSINETTI;Veicolo in marcia contro veicoli in sosta;Rettilineo;Una carreggiata a doppio senso;Asciutto;Asfaltata;Verticale ed orizzontale;Sereno;Scarso;Sufficiente;Sufficiente;0;0;0;2;12.51829;41.88178;-1;1;Autovettura di polizia;In marcia / fermata / arresto;Passeggero;M;Illeso;0;;Non accertato;Inesploso
2701193;12;18/02/2016 17:30;Strada Urbana;VIALE DELL'OCEANO ATLANTICO;da specificare;;;;altezza palo Acea n. 96;Veicolo in marcia contro veicolo in sosta;Rettilineo;Due carreggiate;Asciutto;Asfaltata;Verticale ed orizzontale;Nuvoloso;Normale;Buona;Ore Diurne;1;0;0;0;12.47153;41.82012;-1;1;Autovettura privata;In marcia / fermata / arresto;Conducente;M;Ricoverato;0;NON DECEDUTO;Non accertato;Inesploso
2701201;20;18/02/2016 18:00;Strada Urbana;PIAZZA LAURO DE BOSIS;in corrispondenza;;del civico n.;15;;Tamponamento;Rettilineo;Due carreggiate;Asciutto;Asfaltata;Verticale ed orizzontale;Nuvoloso;Normale;Buona;Sufficiente;0;0;0;2;12.45861;41.93174;-1;1;Autovettura privata;In marcia / fermata / arresto;Conducente;M;Illeso;0;;;
2701201;20;18/02/2016 18:00;Strada Urbana;PIAZZA LAURO DE BOSIS;in corrispondenza;;del civico n.;15;;Tamponamento;Rettilineo;Due carreggiate;Asciutto;Asfaltata;Verticale ed orizzontale;Nuvoloso;Normale;Buona;Sufficiente;0;0;0;2;12.45861;41.93174;-1;2;Autocarro inferiore 35 q.;In marcia / fermata / arresto;Conducente;M;Illeso;0;;Non accertato;
2701204;1;17/02/2016 11:40;Strada Urbana;VIA MARSALA;in prossimità;;del civico n.;51;;Veicolo in marcia contro ostacolo accidentale;Rettilineo;Una carreggiata a senso unico di marcia;Asciutto;Lastricata;Verticale ed orizzontale;Sereno;Normale;Buona;Ore Diurne;1;0;0;0;12.50298;41.90201;-1;1;Motociclo a solo;In marcia / fermata / arresto;Conducente;F;Rifiuta cure immediate;0;NON DECEDUTO;Non accertato;
2701205;13;18/02/2016 16:50;Strada Urbana;VIA MONSIGNOR ARDUINO TERZI;da specificare;;;;civico 25;Veicolo in marcia contro ostacolo accidentale;Rettilineo;Una carreggiata a doppio senso;Asciutto;Con buche;Assente;Sereno;Scarso;Sufficiente;Ore Diurne;0;0;0;1;12.34966;41.7659;-1;1;Autovettura privata;In marcia / fermata / arresto;Conducente;M;Illeso;0;;Non accertato;Inesploso
2701210;13;18/02/2016 18:35;Strada Urbana;VIA FABIO GORI;all'intersezione con;VIA ANTONIO MUNOZ;VIA ANTONIO MUNOZ;;;Scontro frontale/laterale DX fra veicoli in marcia;Incrocio;Una carreggiata a doppio senso;Asciutto;Asfaltata;Verticale;Sereno;Scarso;Sufficiente;Sufficiente;1;0;0;1;12.30196;41.76504;-1;1;Autovettura privata;In marcia / fermata / arresto;Conducente;F;Illeso;0;;Non accertato;Inesploso
2701210;13;18/02/2016 18:35;Strada Urbana;VIA FABIO GORI;all'intersezione con;VIA ANTONIO MUNOZ;VIA ANTONIO MUNOZ;;;Scontro frontale/laterale DX fra veicoli in marcia;Incrocio;Una carreggiata a doppio senso;Asciutto;Asfaltata;Verticale;Sereno;Scarso;Sufficiente;Sufficiente;1;0;0;1;12.30196;41.76504;-1;2;Autovettura privata;In marcia / fermata / arresto;Conducente;F;Rimandato;0;NON DECEDUTO;Non accertato;Inesploso
2701216;13;18/02/2016;Strada Urbana;VIA DEI PESCATORI;da specificare;;;;fronte civico 114;Veicolo in marcia contro ostacolo fisso;Rettilineo;Due carreggiate;Asciutto;Strada pavimentata dissestata;Assente;Sereno;Scarso;Sufficiente;Insufficiente;1;0;0;0;12.33443;41.75221;-1;1;Motociclo con passeggero;In marcia / fermata / arresto;Conducente;M;Ricoverato;0;NON DECEDUTO;Non accertato;
2701220;6;19/02/2016 06:45;Statale entro l'abitato;VIA CASILINA;in corrispondenza;;del civico n.;713;;Veicolo in marcia contro veicolo fermo;Rettilineo;Due carreggiate;Asciutto;Asfaltata;Verticale ed orizzontale;Sereno;Normale;Buona;Ore Diurne;1;0;0;2;12.55311;41.87681;-1;1;Autocarro inferiore 35 q.;In marcia / fermata / arresto;Conducente;M;Illeso;0;;Non accertato;Inesploso
2701220;6;19/02/2016 06:45;Statale entro l'abitato;VIA CASILINA;in corrispondenza;;del civico n.;713;;Veicolo in marcia contro veicolo fermo;Rettilineo;Due carreggiate;Asciutto;Asfaltata;Verticale ed orizzontale;Sereno;Normale;Buona;Ore Diurne;1;0;0;2;12.55311;41.87681;-1;1;Autocarro inferiore 35 q.;In marcia / fermata / arresto;Passeggero;M;Illeso;0;;Non accertato;Inesploso
2701220;6;19/02/2016 06:45;Statale entro l'abitato;VIA CASILINA;in corrispondenza;;del civico n.;713;;Veicolo in marcia contro veicolo fermo;Rettilineo;Due carreggiate;Asciutto;Asfaltata;Verticale ed orizzontale;Sereno;Normale;Buona;Ore Diurne;1;0;0;2;12.55311;41.87681;-1;2;Motociclo a solo;In marcia / fermata / arresto;Conducente;M;Rimandato;0;NON DECEDUTO;Utilizzato;
2701221;20;18/02/2016 21:40;Strada Urbana;VIA ITALO PANATTONI;da specificare;;;;Prossimità P.zza Azzzarita;Scontro frontale fra veicoli in marcia;Rettilineo;Una carreggiata a doppio senso;Asciutto;Asfaltata;Verticale ed orizzontale;Sereno;Normale;Buona;Sufficiente;0;0;0;3;12.44622;41.96074;-1;1;Autovettura privata;In marcia / fermata / arresto;Conducente;M;Illeso;0;;;
2701221;20;18/02/2016 21:40;Strada Urbana;VIA ITALO PANATTONI;da specificare;;;;Prossimità P.zza Azzzarita;Scontro frontale fra veicoli in marcia;Rettilineo;Una carreggiata a doppio senso;Asciutto;Asfaltata;Verticale ed orizzontale;Sereno;Normale;Buona;Sufficiente;0;0;0;3;12.44622;41.96074;-1;2;Autovettura privata;In marcia / fermata / arresto;Conducente;M;Illeso;0;;;
2701221;20;18/02/2016 21:40;Strada Urbana;VIA ITALO PANATTONI;da specificare;;;;Prossimità P.zza Azzzarita;Scontro frontale fra veicoli in marcia;Rettilineo;Una carreggiata a doppio senso;Asciutto;Asfaltata;Verticale ed orizzontale;Sereno;Normale;Buona;Sufficiente;0;0;0;3;12.44622;41.96074;-1;2;Autovettura privata;In marcia / fermata / arresto;Passeggero;M;Illeso;0;;;
2701222;13;18/02/2016 08:50;Strada Urbana;VIA DEL CANALE DELLA LINGUA;all'intersezione con;VIA MAR DEI CORALLI;VIA MAR DEI CORALLI;;;Scontro laterale fra veicoli in marcia;Intersezione stradale segnalata;Una carreggiata a doppio senso;Asciutto;Asfaltata;Verticale ed orizzontale;Nuvoloso;Normale;Buona;Ore Diurne;1;0;0;3;12.30452;41.72752;-1;1;Autovettura privata;In marcia / fermata / arresto;Conducente;M;Illeso;0;;Non accertato;Inesploso
2701222;13;18/02/2016 08:50;Strada Urbana;VIA DEL CANALE DELLA LINGUA;all'intersezione con;VIA MAR DEI CORALLI;VIA MAR DEI CORALLI;;;Scontro laterale fra veicoli in marcia;Intersezione stradale segnalata;Una carreggiata a doppio senso;Asciutto;Asfaltata;Verticale ed orizzontale;Nuvoloso;Normale;Buona;Ore Diurne;1;0;0;3;12.30452;41.72752;-1;1;Autovettura privata;In marcia / fermata / arresto;Passeggero;F;Rimandato;0;NON DECEDUTO;Non accertato;Inesploso
2701222;13;18/02/2016 08:50;Strada Urbana;VIA DEL CANALE DELLA LINGUA;all'intersezione con;VIA MAR DEI CORALLI;VIA MAR DEI CORALLI;;;Scontro laterale fra veicoli in marcia;Intersezione stradale segnalata;Una carreggiata a doppio senso;Asciutto;Asfaltata;Verticale ed orizzontale;Nuvoloso;Normale;Buona;Ore Diurne;1;0;0;3;12.30452;41.72752;-1;2;Autovettura privata;In marcia / fermata / arresto;Conducente;M;Illeso;0;;Non accertato;Inesploso
2701222;13;18/02/2016 08:50;Strada Urbana;VIA DEL CANALE DELLA LINGUA;all'intersezione con;VIA MAR DEI CORALLI;VIA MAR DEI CORALLI;;;Scontro laterale fra veicoli in marcia;Intersezione stradale segnalata;Una carreggiata a doppio senso;Asciutto;Asfaltata;Verticale ed orizzontale;Nuvoloso;Normale;Buona;Ore Diurne;1;0;0;3;12.30452;41.72752;-1;2;Autovettura privata;In marcia / fermata / arresto;Passeggero;F;Illeso;0;;Non accertato;Inesploso
2701251;13;18/02/2016 15:15;Strada Urbana;VIA DEI MONTI DI S. PAOLO;all'intersezione con;VIA GIOVANNI FRANZONI;VIA GIOVANNI FRANZONI;;;Scontro frontale/laterale DX fra veicoli in marcia;Incrocio;Una carreggiata a doppio senso;Asciutto;Asfaltata;Orizzontale;Sereno;Normale;Buona;Ore Diurne;1;0;0;1;12.35877;41.78709;-1;1;Autovettura privata;In marcia / fermata / arresto;Conducente;M;Illeso;0;;Non accertato;Inesploso
2701251;13;18/02/2016 15:15;Strada Urbana;VIA DEI MONTI DI S. PAOLO;all'intersezione con;VIA GIOVANNI FRANZONI;VIA GIOVANNI FRANZONI;;;Scontro frontale/laterale DX fra veicoli in marcia;Incrocio;Una carreggiata a doppio senso;Asciutto;Asfaltata;Orizzontale;Sereno;Normale;Buona;Ore Diurne;1;0;0;1;12.35877;41.78709;-1;2;Motociclo a solo;In marcia / fermata / arresto;Conducente;M;Rimandato;0;NON DECEDUTO;Non accertato;
2701269;4;18/02/2016 08:00;Strada Urbana;VIA NOMENTANA;da specificare;;;;in corrispondenza di Via Val D'Aosta;Scontro laterale fra veicoli in marcia;Rettilineo;Più di due carreggiate;Asciutto;Asfaltata;Verticale ed orizzontale;Nuvoloso;Intenso;Buona;Ore Diurne;0;0;0;3;12.55256;42.69594;-1;1;Autovettura privata;In marcia / fermata / arresto;Conducente;M;Illeso;0;;Non accertato;
2701269;4;18/02/2016 08:00;Strada Urbana;VIA NOMENTANA;da specificare;;;;in corrispondenza di Via Val D'Aosta;Scontro laterale fra veicoli in marcia;Rettilineo;Più di due carreggiate;Asciutto;Asfaltata;Verticale ed orizzontale;Nuvoloso;Intenso;Buona;Ore Diurne;0;0;0;3;12.55256;42.69594;-1;1;Autovettura privata;In marcia / fermata / arresto;Passeggero;M;Illeso;0;;Non accertato;
2701269;4;18/02/2016 08:00;Strada Urbana;VIA NOMENTANA;da specificare;;;;in corrispondenza di Via Val D'Aosta;Scontro laterale fra veicoli in marcia;Rettilineo;Più di due carreggiate;Asciutto;Asfaltata;Verticale ed orizzontale;Nuvoloso;Intenso;Buona;Ore Diurne;0;0;0;3;12.55256;42.69594;-1;2;Autovettura privata;In marcia / fermata / arresto;Conducente;F;Illeso;0;;Non accertato;
2701272;17;19/02/2016 08:55;Strada Urbana;VIA CRESCENZIO;all'intersezione con;VIA VARRONE;VIA VARRONE;;;Scontro laterale fra veicoli in marcia;Intersezione stradale segnalata;Una carreggiata a doppio senso;Asciutto;In cubetti di porfido;Verticale ed orizzontale;Sereno;Normale;Buona;Ore Diurne;0;0;0;2;12.46022;41.90601;-1;1;Autovettura pubblica;In marcia / fermata / arresto;Conducente;M;Illeso;0;;Non accertato;Inesploso
2701272;17;19/02/2016 08:55;Strada Urbana;VIA CRESCENZIO;all'intersezione con;VIA VARRONE;VIA VARRONE;;;Scontro laterale fra veicoli in marcia;Intersezione stradale segnalata;Una carreggiata a doppio senso;Asciutto;In cubetti di porfido;Verticale ed orizzontale;Sereno;Normale;Buona;Ore Diurne;0;0;0;2;12.46022;41.90601;-1;2;Motociclo a solo;In marcia / fermata / arresto;Conducente;F;Illeso;0;;Non accertato;
2701290;18;16/02/2016 12:30;Strada Urbana;VIA DI CASAL DEL MARMO;in prossimità;;del civico n.;717;;Scontro frontale fra veicoli in marcia;Rettilineo;Una carreggiata a doppio senso;Asciutto;Asfaltata;Verticale ed orizzontale;Sereno;Normale;Buona;Ore Diurne;1;0;0;2;12.38342;41.91915;-1;1;Autovettura privata;In marcia / fermata / arresto;Conducente;M;Illeso;0;;Non accertato;Inesploso
2701290;18;16/02/2016 12:30;Strada Urbana;VIA DI CASAL DEL MARMO;in prossimità;;del civico n.;717;;Scontro frontale fra veicoli in marcia;Rettilineo;Una carreggiata a doppio senso;Asciutto;Asfaltata;Verticale ed orizzontale;Sereno;Normale;Buona;Ore Diurne;1;0;0;2;12.38342;41.91915;-1;1;Autovettura privata;In marcia / fermata / arresto;Passeggero;M;Illeso;0;;;
2701290;18;16/02/2016 12:30;Strada Urbana;VIA DI CASAL DEL MARMO;in prossimità;;del civico n.;717;;Scontro frontale fra veicoli in marcia;Rettilineo;Una carreggiata a doppio senso;Asciutto;Asfaltata;Verticale ed orizzontale;Sereno;Normale;Buona;Ore Diurne;1;0;0;2;12.38342;41.91915;-1;2;Autovettura privata;In marcia / fermata / arresto;Conducente;F;Rifiuta cure immediate;0;NON DECEDUTO;Non accertato;Inesploso
2701307;1;19/02/2016 08:30;Strada Urbana;VIA METASTASIO;in corrispondenza;;del civico n.;33;;Veicolo in marcia contro ostacolo accidentale;Rettilineo;Una carreggiata a senso unico di marcia;Asciutto;In cubetti di porfido;Verticale;Sereno;Scarso;Buona;Ore Diurne;1;0;0;0;12.47604;41.90195;-1;1;Motociclo a solo;In marcia / fermata / arresto;Conducente;M;Rifiuta cure immediate;0;NON DECEDUTO;Non accertato;
2701325;1;19/02/2016 08:30;Strada Urbana;PIAZZA DI FIRENZE;in prossimità;;del civico n.;30;;Veicolo in marcia contro ostacolo accidentale;Rettilineo;Una carreggiata a senso unico di marcia;Viscido da liquidi oleosi;In cubetti di porfido;Verticale;Sereno;Scarso;Buona;Ore Diurne;0;0;0;1;12.47597;41.90214;-1;1;Motociclo a solo;In marcia / fermata / arresto;Conducente;M;Illeso;0;;Non accertato;
2701345;18;18/02/2016 11:35;Strada Urbana;VIA DEL FORTE BRASCHI;in prossimità;;del civico n.;84;;Scontro frontale/laterale DX fra veicoli in marcia;Pendenza;Una carreggiata a doppio senso;Asciutto;Asfaltata;Verticale ed orizzontale;Sereno;Normale;Buona;Ore Diurne;1;0;0;1;12.42091;41.91452;-1;1;Ciclomotore;In marcia / fermata / arresto;Conducente;M;Rimandato;0;NON DECEDUTO;Non accertato;
2701345;18;18/02/2016 11:35;Strada Urbana;VIA DEL FORTE BRASCHI;in prossimità;;del civico n.;84;;Scontro frontale/laterale DX fra veicoli in marcia;Pendenza;Una carreggiata a doppio senso;Asciutto;Asfaltata;Verticale ed orizzontale;Sereno;Normale;Buona;Ore Diurne;1;0;0;1;12.42091;41.91452;-1;2;Autovettura privata;In marcia / fermata / arresto;Conducente;M;Illeso;0;;Non accertato;Inesploso
2701353;13;18/02/2016 13:50;Strada Urbana;VIA AGOSTINO CHIGI;in prossimità;;del civico n.;330;;Veicolo in marcia contro ostacolo accidentale;Rettilineo;Una carreggiata a doppio senso;Asciutto;Asfaltata;Assente;Sereno;Normale;Buona;Ore Diurne;0;0;0;1;12.32334;41.76788;-1;1;Autovettura privata;In marcia / fermata / arresto;Conducente;M;Illeso;0;;Non accertato;Inesploso
2701361;4;18/02/2016 14:30;Strada Urbana;VIA JACOPO SANNAZZARO;in corrispondenza;;del civico n.;21;;Scontro laterale fra veicoli in marcia;Rettilineo;Due carreggiate;Asciutto;Asfaltata;Verticale ed orizzontale;Sereno;Scarso;Buona;Ore Diurne;0;0;0;4;12.54097;41.93836;-1;1;Autocarro inferiore 35 q.;In marcia / fermata / arresto;Conducente;M;Illeso;0;;;
2701361;4;18/02/2016 14:30;Strada Urbana;VIA JACOPO SANNAZZARO;in corrispondenza;;del civico n.;21;;Scontro laterale fra veicoli in marcia;Rettilineo;Due carreggiate;Asciutto;Asfaltata;Verticale ed orizzontale;Sereno;Scarso;Buona;Ore Diurne;0;0;0;4;12.54097;41.93836;-1;1;Autocarro inferiore 35 q.;In marcia / fermata / arresto;Passeggero;M;Illeso;0;;;
2701361;4;18/02/2016 14:30;Strada Urbana;VIA JACOPO SANNAZZARO;in corrispondenza;;del civico n.;21;;Scontro laterale fra veicoli in marcia;Rettilineo;Due carreggiate;Asciutto;Asfaltata;Verticale ed orizzontale;Sereno;Scarso;Buona;Ore Diurne;0;0;0;4;12.54097;41.93836;-1;2;Autovettura privata;In marcia / fermata / arresto;Conducente;F;Illeso;0;;;
2701361;4;18/02/2016 14:30;Strada Urbana;VIA JACOPO SANNAZZARO;in corrispondenza;;del civico n.;21;;Scontro laterale fra veicoli in marcia;Rettilineo;Due carreggiate;Asciutto;Asfaltata;Verticale ed orizzontale;Sereno;Scarso;Buona;Ore Diurne;0;0;0;4;12.54097;41.93836;-1;2;Autovettura privata;In marcia / fermata / arresto;Passeggero;M;Illeso;0;;;
2701391;4;19/02/2016 04:30;Strada Urbana;VIA DI S. COSTANZA;all'intersezione semaforizzata con;VIA TARVISIO;VIA TARVISIO;;;Scontro frontale/laterale SX fra veicoli in marcia;Intersezione semaforizzata;Una carreggiata a doppio senso;Asciutto;Asfaltata;Verticale ed orizzontale;Sereno;Scarso;Sufficiente;Sufficiente;1;0;0;5;12.51505;41.92219;-1;1;Autovettura pubblica;In marcia / fermata / arresto;Conducente;M;Illeso;0;;;
2701391;4;19/02/2016 04:30;Strada Urbana;VIA DI S. COSTANZA;all'intersezione semaforizzata con;VIA TARVISIO;VIA TARVISIO;;;Scontro frontale/laterale SX fra veicoli in marcia;Intersezione semaforizzata;Una carreggiata a doppio senso;Asciutto;Asfaltata;Verticale ed orizzontale;Sereno;Scarso;Sufficiente;Sufficiente;1;0;0;5;12.51505;41.92219;-1;1;Autovettura pubblica;In marcia / fermata / arresto;Passeggero;F;Rimandato;0;NON DECEDUTO;;Esploso
2701391;4;19/02/2016 04:30;Strada Urbana;VIA DI S. COSTANZA;all'intersezione semaforizzata con;VIA TARVISIO;VIA TARVISIO;;;Scontro frontale/laterale SX fra veicoli in marcia;Intersezione semaforizzata;Una carreggiata a doppio senso;Asciutto;Asfaltata;Verticale ed orizzontale;Sereno;Scarso;Sufficiente;Sufficiente;1;0;0;5;12.51505;41.92219;-1;2;Autovettura privata;In marcia / fermata / arresto;Conducente;M;Illeso;0;;;
2701391;4;19/02/2016 04:30;Strada Urbana;VIA DI S. COSTANZA;all'intersezione semaforizzata con;VIA TARVISIO;VIA TARVISIO;;;Scontro frontale/laterale SX fra veicoli in marcia;Intersezione semaforizzata;Una carreggiata a doppio senso;Asciutto;Asfaltata;Verticale ed orizzontale;Sereno;Scarso;Sufficiente;Sufficiente;1;0;0;5;12.51505;41.92219;-1;2;Autovettura privata;In marcia / fermata / arresto;Passeggero;M;Illeso;0;;;
2701391;4;19/02/2016 04:30;Strada Urbana;VIA DI S. COSTANZA;all'intersezione semaforizzata con;VIA TARVISIO;VIA TARVISIO;;;Scontro frontale/laterale SX fra veicoli in marcia;Intersezione semaforizzata;Una carreggiata a doppio senso;Asciutto;Asfaltata;Verticale ed orizzontale;Sereno;Scarso;Sufficiente;Sufficiente;1;0;0;5;12.51505;41.92219;-1;2;Autovettura privata;In marcia / fermata / arresto;Passeggero;F;Illeso;0;;Non utilizzato;
2701391;4;19/02/2016 04:30;Strada Urbana;VIA DI S. COSTANZA;all'intersezione semaforizzata con;VIA TARVISIO;VIA TARVISIO;;;Scontro frontale/laterale SX fra veicoli in marcia;Intersezione semaforizzata;Una carreggiata a doppio senso;Asciutto;Asfaltata;Verticale ed orizzontale;Sereno;Scarso;Sufficiente;Sufficiente;1;0;0;5;12.51505;41.92219;-1;2;Autovettura privata;In marcia / fermata / arresto;Passeggero;F;Illeso;0;;;
2701401;13;18/02/2016 14:45;Strada Urbana;VIALE DEI ROMAGNOLI;da specificare;;;;IN PROX VIA DELLA CANAPA;Veicolo in marcia contro ostacolo accidentale;Rettilineo;Una carreggiata a senso unico di marcia;Asciutto;Con buche;Verticale;Sereno;Normale;Buona;Ore Diurne;0;0;0;1;12.36481;41.78577;-1;1;Autovettura privata;In marcia / fermata / arresto;Conducente;M;Illeso;0;;Non accertato;Inesploso
2701409;1;19/02/2016 08:30;Strada Urbana;VIA METASTASIO;in prossimità;;del civico n.;16;;Veicolo in marcia contro ostacolo accidentale;Rettilineo;Una carreggiata a senso unico di marcia;Viscido da liquidi oleosi;In cubetti di porfido;Verticale;Sereno;Scarso;Buona;Ore Diurne;1;0;0;0;12.47604;41.90194;-1;1;Motociclo a solo;In marcia / fermata / arresto;Conducente;F;Rimandato;0;NON DECEDUTO;Non accertato;
2701497;17;18/02/2016 18:50;Strada Urbana;VIA TRIONFALE;in prossimità;;del civico n.;6812;;Investimento di pedone;Rettilineo;Una carreggiata a senso unico di marcia;Asciutto;Asfaltata;Verticale ed orizzontale;Nuvoloso;Intenso;Buona;Sufficiente;2;0;0;0;12.44035;41.9335;-1;;;;Pedone;M;Rimandato;0;NON DECEDUTO;;
2701497;17;18/02/2016 18:50;Strada Urbana;VIA TRIONFALE;in prossimità;;del civico n.;6812;;Investimento di pedone;Rettilineo;Una carreggiata a senso unico di marcia;Asciutto;Asfaltata;Verticale ed orizzontale;Nuvoloso;Intenso;Buona;Sufficiente;2;0;0;0;12.44035;41.9335;-1;1;Motociclo a solo;In marcia / fermata / arresto;Conducente;F;Rimandato;0;NON DECEDUTO;Non accertato;
2701517;17;18/02/2016 12:15;Strada Urbana;VIA DEI CORRIDORI;all'intersezione con;VICOLO DELLE PALLINE;VICOLO DELLE PALLINE;;;Scontro laterale fra veicoli in marcia;Incrocio;Due carreggiate;Asciutto;Acciotolata;Verticale ed orizzontale;Sereno;Normale;Buona;Ore Diurne;1;0;0;2;12.46029;41.90308;-1;1;Autovettura privata;In marcia / fermata / arresto;Conducente;F;Illeso;0;;Non accertato;Inesploso
2701517;17;18/02/2016 12:15;Strada Urbana;VIA DEI CORRIDORI;all'intersezione con;VICOLO DELLE PALLINE;VICOLO DELLE PALLINE;;;Scontro laterale fra veicoli in marcia;Incrocio;Due carreggiate;Asciutto;Acciotolata;Verticale ed orizzontale;Sereno;Normale;Buona;Ore Diurne;1;0;0;2;12.46029;41.90308;-1;1;Autovettura privata;In marcia / fermata / arresto;Passeggero;M;Illeso;0;;Non accertato;Inesploso
2701517;17;18/02/2016 12:15;Strada Urbana;VIA DEI CORRIDORI;all'intersezione con;VICOLO DELLE PALLINE;VICOLO DELLE PALLINE;;;Scontro laterale fra veicoli in marcia;Incrocio;Due carreggiate;Asciutto;Acciotolata;Verticale ed orizzontale;Sereno;Normale;Buona;Ore Diurne;1;0;0;2;12.46029;41.90308;-1;2;Motociclo a solo;In marcia / fermata / arresto;Conducente;M;Rimandato;0;NON DECEDUTO;Non accertato;
2701551;17;19/02/2016 11:00;Strada Urbana;VIA FABIO MASSIMO;all'intersezione con;VIA GERMANICO;VIA GERMANICO;;;Scontro frontale/laterale DX fra veicoli in marcia;Incrocio;Una carreggiata a senso unico di marcia;Asciutto;Asfaltata;Verticale ed orizzontale;Sereno;Normale;Buona;Ore Diurne;1;0;0;1;12.46219;41.90883;-1;1;Autovettura privata;In marcia / fermata / arresto;Conducente;F;Illeso;0;;Non accertato;Inesploso
2701551;17;19/02/2016 11:00;Strada Urbana;VIA FABIO MASSIMO;all'intersezione con;VIA GERMANICO;VIA GERMANICO;;;Scontro frontale/laterale DX fra veicoli in marcia;Incrocio;Una carreggiata a senso unico di marcia;Asciutto;Asfaltata;Verticale ed orizzontale;Sereno;Normale;Buona;Ore Diurne;1;0;0;1;12.46219;41.90883;-1;2;Motociclo a solo;In marcia / fermata / arresto;Conducente;M;Rimandato;0;NON DECEDUTO;Non accertato;
2701558;12;16/02/2016 18:00;Provinciale entro l'abitato;VIA PONTINA;in prossimità;;del civico n.;343;;Scontro laterale fra veicoli in marcia;Rettilineo;Una carreggiata a senso unico di marcia;Asciutto;Asfaltata;Verticale ed orizzontale;Sereno;Normale;Sufficiente;Sufficiente;0;0;0;2;12.45238;41.79364;-1;1;Autovettura privata;In marcia / fermata / arresto;Conducente;F;Illeso;0;;Utilizzato;Inesploso
2701558;12;16/02/2016 18:00;Provinciale entro l'abitato;VIA PONTINA;in prossimità;;del civico n.;343;;Scontro laterale fra veicoli in marcia;Rettilineo;Una carreggiata a senso unico di marcia;Asciutto;Asfaltata;Verticale ed orizzontale;Sereno;Normale;Sufficiente;Sufficiente;0;0;0;2;12.45238;41.79364;-1;2;Autovettura privata;In marcia / fermata / arresto;Conducente;M;Illeso;0;;Utilizzato;Inesploso
2701566;18;17/02/2016 20:20;Strada Urbana;VIA DI TORREVECCHIA;in prossimità;;del civico n.;147a;;Investimento di pedone;Rettilineo;Una carreggiata a doppio senso;Asciutto;Asfaltata;Verticale ed orizzontale;Sereno;Normale;Buona;Sufficiente;2;0;0;0;12.41992;41.9326;-1;;;;Pedone;F;Rimandato;0;NON DECEDUTO;;
2701566;18;17/02/2016 20:20;Strada Urbana;VIA DI TORREVECCHIA;in prossimità;;del civico n.;147a;;Investimento di pedone;Rettilineo;Una carreggiata a doppio senso;Asciutto;Asfaltata;Verticale ed orizzontale;Sereno;Normale;Buona;Sufficiente;2;0;0;0;12.41992;41.9326;-1;1;Motociclo a solo;In marcia / fermata / arresto;Conducente;F;Rimandato;0;NON DECEDUTO;;
2701603;1;19/02/2016 10:45;Strada Urbana;VIA CONTE VERDE;in prossimità;;del civico n.;31;;Scontro frontale/laterale SX fra veicoli in marcia;Rettilineo;Una carreggiata a doppio senso;Asciutto;Asfaltata;Verticale ed orizzontale;Sereno;Normale;Buona;Ore Diurne;1;0;0;1;12.50653;41.89333;-1;1;Autovettura privata;In marcia / fermata / arresto;Conducente;M;Illeso;0;;Non accertato;Inesploso
2701603;1;19/02/2016 10:45;Strada Urbana;VIA CONTE VERDE;in prossimità;;del civico n.;31;;Scontro frontale/laterale SX fra veicoli in marcia;Rettilineo;Una carreggiata a doppio senso;Asciutto;Asfaltata;Verticale ed orizzontale;Sereno;Normale;Buona;Ore Diurne;1;0;0;1;12.50653;41.89333;-1;2;Motociclo a solo;In marcia / fermata / arresto;Conducente;F;Rimandato;0;NON DECEDUTO;;
2701629;2;19/02/2016 08:40;Strada Urbana;PIAZZALE DI VILLA GIULIA;da specificare;;;;fronte via di Villa Giulia.;Investimento di pedone;Curva a visuale libera;Una carreggiata a doppio senso;Asciutto;Asfaltata;Verticale ed orizzontale;Sereno;Normale;Buona;Ore Diurne;2;0;0;0;12.47723;41.91864;-1;;;;Pedone;M;Rimandato;0;NON DECEDUTO;;
2701629;2;19/02/2016 08:40;Strada Urbana;PIAZZALE DI VILLA GIULIA;da specificare;;;;fronte via di Villa Giulia.;Investimento di pedone;Curva a visuale libera;Una carreggiata a doppio senso;Asciutto;Asfaltata;Verticale ed orizzontale;Sereno;Normale;Buona;Ore Diurne;2;0;0;0;12.47723;41.91864;-1;1;Motociclo a solo;In marcia / fermata / arresto;Conducente;M;Rimandato;0;NON DECEDUTO;Non accertato;
2701693;23;18/02/2016 20:15;Strada Urbana;VIA CRISTOFORO COLOMBO;in prossimità;;del civico n.;454;;Infortunio per sola frenata improvvisa;Rettilineo;Più di due carreggiate;Asciutto;Asfaltata;Verticale ed orizzontale;Sereno;Normale;Buona;Sufficiente;1;0;0;2;12.48438;41.85048;-1;1;Motociclo a solo;In marcia / fermata / arresto;Conducente;M;Rimandato;0;NON DECEDUTO;Utilizzato;