Protocollo;Gruppo;DataOraIncidente;Localizzazione1;STRADA1;Localizzazione2;STRADA2;Strada02;Chilometrica;DaSpecificare;NaturaIncidente;particolaritastrade;TipoStrada;FondoStradale;Pavimentazione;Segnaletica;CondizioneAtmosferica;Traffico;Visibilita;Illuminazione;NUM_FERITI;NUM_RISERVATA;NUM_MORTI;NUM_ILLESI;Longitudine;Latitudine;Confermato;Progressivo;TipoVeicolo;StatoVeicolo;TipoPersona;Sesso;Tipolesione;Deceduto;DecedutoDopo;CinturaCascoUtilizzato;Airbag
2704733;1;20/02/2016 15:40;Strada Urbana;LUNGOTEVERE IN AUGUSTA;in corrispondenza;;del palo luce n.;9;;Investimento di pedone;Rettilineo;Una carreggiata a senso unico di marcia;Asciutto;Asfaltata;Verticale ed orizzontale;Sereno;Normale;Buona;Ore Diurne;1;0;0;4;12.47478;41.90759;-1;1;Autovettura privata;In marcia / fermata / arresto;Passeggero;F;Illeso;0;;;
2704733;1;20/02/2016 15:40;Strada Urbana;LUNGOTEVERE IN AUGUSTA;in corrispondenza;;del palo luce n.;9;;Investimento di pedone;Rettilineo;Una carreggiata a senso unico di marcia;Asciutto;Asfaltata;Verticale ed orizzontale;Sereno;Normale;Buona;Ore Diurne;1;0;0;4;12.47478;41.90759;-1;1;Autovettura privata;In marcia / fermata / arresto;Passeggero;M;Illeso;0;;;
2704754;4;20/02/2016 11:10;Strada Urbana;VIA CECCO ANGIOLIERI;da specificare;;;;50 mt prima di Via Capuana;Veicolo in marcia contro ostacolo accidentale;Rettilineo;Una carreggiata a doppio senso;Asciutto;Con buche;Orizzontale;Sereno;Normale;Buona;Ore Diurne;0;0;0;1;12.54475;41.94515;-1;1;Autovettura privata;In marcia / fermata / arresto;Conducente;F;Illeso;0;;Non accertato;
2704762;9;22/02/2016 09:15;Strada Urbana;VIA DELL'ARCO DI TRAVERTINO;da specificare;;;;altezza fermata Metro;Tamponamento;Rettilineo;Due carreggiate;Asciutto;Asfaltata;Assente;Nuvoloso;Normale;Buona;Ore Diurne;1;0;0;1;12.53621;41.86738;-1;1;Autovettura privata;In marcia / fermata / arresto;Conducente;F;Rimandato;0;NON DECEDUTO;Non accertato;
2704762;9;22/02/2016 09:15;Strada Urbana;VIA DELL'ARCO DI TRAVERTINO;da specificare;;;;altezza fermata Metro;Tamponamento;Rettilineo;Due carreggiate;Asciutto;Asfaltata;Assente;Nuvoloso;Normale;Buona;Ore Diurne;1;0;0;1;12.53621;41.86738;-1;2;Autovettura privata;In marcia / fermata / arresto;Conducente;M;Illeso;0;;Non accertato;
2704785;7;20/02/2016 13:50;Strada Urbana;VIA PRENESTINA;in corrispondenza;;del civico n.;510;;Tamponamento;Rettilineo;Due carreggiate;Asciutto;Asfaltata;Orizzontale;Sereno;Normale;Buona;Ore Diurne;0;0;0;2;12.57391;41.89432;-1;1;Autocarro inferiore 35 q.;In marcia / fermata / arresto;Conducente;M;Illeso;0;;Non accertato;Inesploso
2704785;7;20/02/2016 13:50;Strada Urbana;VIA PRENESTINA;in corrispondenza;;del civico n.;510;;Tamponamento;Rettilineo;Due carreggiate;Asciutto;Asfaltata;Orizzontale;Sereno;Normale;Buona;Ore Diurne;0;0;0;2;12.57391;41.89432;-1;2;Autovettura privata;In marcia / fermata / arresto;Conducente;M;Illeso;0;;Non accertato;Inesploso
2704802;7;22/02/2016 08:40;Strada Urbana;VIA PRENESTINA;in prossimità;;del civico n.;607;;Scontro laterale fra veicoli in marcia;Rettilineo;Una carreggiata a doppio senso;Asciutto;Asfaltata;Orizzontale;Sereno;Normale;Buona;Ore Diurne;0;0;0;2;12.58269;41.89359;-1;1;Autovettura privata;In marcia / fermata / arresto;Conducente;F;Illeso;0;;Non accertato;Inesploso
2704802;7;22/02/2016 08:40;Strada Urbana;VIA PRENESTINA;in prossimità;;del civico n.;607;;Scontro laterale fra veicoli in marcia;Rettilineo;Una carreggiata a doppio senso;Asciutto;Asfaltata;Orizzontale;Sereno;Normale;Buona;Ore Diurne;0;0;0;2;12.58269;41.89359;-1;2;Autovettura privata;In marcia / fermata / arresto;Conducente;M;Illeso;0;;Non accertato;Inesploso
2704809;12;19/02/2016 12:25;Strada Urbana;VIA LUIGI CONDORELLI;da specificare;;;;all'altezza di via Paride Stefanini;Veicolo in marcia contro ostacolo accidentale;Curva a visuale libera;Una carreggiata a senso unico di marcia;Asciutto;Asfaltata;Verticale ed orizzontale;Sereno;Scarso;Buona;Ore Diurne;0;0;0;1;12.49637;41.90278;-1;1;Motociclo a solo;In marcia / fermata / arresto;Conducente;M;Illeso;0;;Non accertato;
2704827;3;19/02/2016 08:10;Strada Urbana;VIA DEI RAMNI;all'intersezione con;VIA DEI LIBURNI;VIA DEI LIBURNI;;;Scontro frontale/laterale SX fra veicoli in marcia;Intersezione stradale segnalata;Due carreggiate;Asciutto;Asfaltata;Verticale ed orizzontale;Sereno;Normale;Buona;Ore Diurne;1;0;0;1;12.51232;41.89981;-1;1;Autovettura privata;In marcia / fermata / arresto;Conducente;F;Illeso;0;;Non accertato;Inesploso
2704827;3;19/02/2016 08:10;Strada Urbana;VIA DEI RAMNI;all'intersezione con;VIA DEI LIBURNI;VIA DEI LIBURNI;;;Scontro frontale/laterale SX fra veicoli in marcia;Intersezione stradale segnalata;Due carreggiate;Asciutto;Asfaltata;Verticale ed orizzontale;Sereno;Normale;Buona;Ore Diurne;1;0;0;1;12.51232;41.89981;-1;2;Motociclo a solo;In marcia / fermata / arresto;Conducente;M;Ricoverato;0;NON DECEDUTO;;
2704829;1;20/02/2016 16:00;Strada Urbana;PIAZZA DELL'ESQUILINO;all'intersezione semaforizzata con;VIA CAVOUR;VIA CAVOUR;;;Scontro laterale fra veicoli in marcia;Intersezione semaforizzata;Una carreggiata a doppio senso;Asciutto;Asfaltata;Verticale ed orizzontale;Sereno;Normale;Buona;Ore Diurne;0;0;0;3;12.49792;41.89843;-1;1;Autovettura privata;In marcia / fermata / arresto;Conducente;M;Illeso;0;;Non accertato;Inesploso
2704829;1;20/02/2016 16:00;Strada Urbana;PIAZZA DELL'ESQUILINO;all'intersezione semaforizzata con;VIA CAVOUR;VIA CAVOUR;;;Scontro laterale fra veicoli in marcia;Intersezione semaforizzata;Una carreggiata a doppio senso;Asciutto;Asfaltata;Verticale ed orizzontale;Sereno;Normale;Buona;Ore Diurne;0;0;0;3;12.49792;41.89843;-1;1;Autovettura privata;In marcia / fermata / arresto;Passeggero;F;Illeso;0;;Non accertato;Inesploso
2704829;1;20/02/2016 16:00;Strada Urbana;PIAZZA DELL'ESQUILINO;all'intersezione semaforizzata con;VIA CAVOUR;VIA CAVOUR;;;Scontro laterale fra veicoli in marcia;Intersezione semaforizzata;Una carreggiata a doppio senso;Asciutto;Asfaltata;Verticale ed orizzontale;Sereno;Normale;Buona;Ore Diurne;0;0;0;3;12.49792;41.89843;-1;2;Autovettura privata;In marcia / fermata / arresto;Conducente;M;Illeso;0;;Non accertato;Inesploso
2704830;4;20/02/2016 06:15;Strada Urbana;VIA CAMILLO PILOTTO;in prossimità;;del civico n.;110;;Veicolo in marcia contro veicoli in sosta;Rettilineo;Una carreggiata a senso unico di marcia;Asciutto;Asfaltata;Assente;Sereno;Scarso;Buona;Sufficiente;0;0;0;1;12.52087;41.96626;-1;1;Autovettura privata;In marcia / fermata / arresto;Conducente;F;Illeso;0;;Non accertato;Esploso
2704832;16;19/02/2016 11:15;Strada Urbana;VIA ANTONIO CESARI;in prossimità;;del civico n.;11;;Scontro laterale fra veicoli in marcia;Pendenza;Una carreggiata a doppio senso;Asciutto;Asfaltata;Assente;Nuvoloso;Scarso;Buona;Ore Diurne;0;0;0;2;12.46013;41.88043;-1;1;Autovettura privata;In marcia / fermata / arresto;Conducente;M;Illeso;0;;Non accertato;Inesploso
2704832;16;19/02/2016 11:15;Strada Urbana;VIA ANTONIO CESARI;in prossimità;;del civico n.;11;;Scontro laterale fra veicoli in marcia;Pendenza;Una carreggiata a doppio senso;Asciutto;Asfaltata;Assente;Nuvoloso;Scarso;Buona;Ore Diurne;0;0;0;2;12.46013;41.88043;-1;2;Autovettura privata;In marcia / fermata / arresto;Conducente;M;Illeso;0;;Non accertato;Inesploso
2704850;4;21/02/2016 15:15;Provinciale;VIA NOMENTANA;da specificare;;;;km. 12,100;Tamponamento Multiplo;Rettilineo;Una carreggiata a doppio senso;Asciutto;Asfaltata;Verticale ed orizzontale;Sereno;Normale;Buona;Ore Diurne;2;0;0;4;12.55238;41.94111;-1;1;Autovettura privata;In marcia / fermata / arresto;Conducente;M;Illeso;0;;Non accertato;Inesploso
2704850;4;21/02/2016 15:15;Provinciale;VIA NOMENTANA;da specificare;;;;km. 12,100;Tamponamento Multiplo;Rettilineo;Una carreggiata a doppio senso;Asciutto;Asfaltata;Verticale ed orizzontale;Sereno;Normale;Buona;Ore Diurne;2;0;0;4;12.55238;41.94111;-1;1;Autovettura privata;In marcia / fermata / arresto;Passeggero;F;Illeso;0;;Non accertato;Inesploso
2704850;4;21/02/2016 15:15;Provinciale;VIA NOMENTANA;da specificare;;;;km. 12,100;Tamponamento Multiplo;Rettilineo;Una carreggiata a doppio senso;Asciutto;Asfaltata;Verticale ed orizzontale;Sereno;Normale;Buona;Ore Diurne;2;0;0;4;12.55238;41.94111;-1;2;Autovettura privata;In marcia / fermata / arresto;Conducente;M;Rifiuta cure immediate;0;NON DECEDUTO;Non accertato;Inesploso
2704850;4;21/02/2016 15:15;Provinciale;VIA NOMENTANA;da specificare;;;;km. 12,100;Tamponamento Multiplo;Rettilineo;Una carreggiata a doppio senso;Asciutto;Asfaltata;Verticale ed orizzontale;Sereno;Normale;Buona;Ore Diurne;2;0;0;4;12.55238;41.94111;-1;2;Autovettura privata;In marcia / fermata / arresto;Passeggero;F;Rifiuta cure immediate;0;NON DECEDUTO;Non accertato;Inesploso
2704850;4;21/02/2016 15:15;Provinciale;VIA NOMENTANA;da specificare;;;;km. 12,100;Tamponamento Multiplo;Rettilineo;Una carreggiata a doppio senso;Asciutto;Asfaltata;Verticale ed orizzontale;Sereno;Normale;Buona;Ore Diurne;2;0;0;4;12.55238;41.94111;-1;2;Autovettura privata;In marcia / fermata / arresto;Passeggero;M;Illeso;0;;Non accertato;Inesploso
2704850;4;21/02/2016 15:15;Provinciale;VIA NOMENTANA;da specificare;;;;km. 12,100;Tamponamento Multiplo;Rettilineo;Una carreggiata a doppio senso;Asciutto;Asfaltata;Verticale ed orizzontale;Sereno;Normale;Buona;Ore Diurne;2;0;0;4;12.55238;41.94111;-1;3;Autovettura privata;In marcia / fermata / arresto;Conducente;M;Illeso;0;;Non accertato;Inesploso
2704853;3;20/02/2016 09:30;Strada Urbana;PIAZZALE DEL VERANO;da specificare;;;;interno Cimitero Verano altezza riq. 73;Scontro frontale/laterale SX fra veicoli in marcia;Rettilineo;Una carreggiata a doppio senso;Bagnato (umidità in atto);Asfaltata;Assente;Sereno;Scarso;Buona;Ore Diurne;1;0;0;1;12.52675;41.90279;-1;1;Autovettura privata;In marcia / fermata / arresto;Conducente;F;Rifiuta cure immediate;0;NON DECEDUTO;Non accertato;Inesploso
2704853;3;20/02/2016 09:30;Strada Urbana;PIAZZALE DEL VERANO;da specificare;;;;interno Cimitero Verano altezza riq. 73;Scontro frontale/laterale SX fra veicoli in marcia;Rettilineo;Una carreggiata a doppio senso;Bagnato (umidità in atto);Asfaltata;Assente;Sereno;Scarso;Buona;Ore Diurne;1;0;0;1;12.52675;41.90279;-1;2;Autocarro inferiore 35 q.;In marcia / fermata / arresto;Conducente;M;Illeso;0;;Non accertato;Inesploso
2704859;7;20/02/2016 10:00;Strada Urbana;VIA CASILINA;in corrispondenza;;del civico n.;997;;Tamponamento Multiplo;Rettilineo;Una carreggiata a doppio senso;Asciutto;Asfaltata;Verticale ed orizzontale;Sereno;Normale;Sufficiente;Ore Diurne;1;0;0;2;12.58122;41.87047;-1;1;Autovettura privata;In marcia / fermata / arresto;Conducente;F;Illeso;0;;Non accertato;Inesploso
2704859;7;20/02/2016 10:00;Strada Urbana;VIA CASILINA;in corrispondenza;;del civico n.;997;;Tamponamento Multiplo;Rettilineo;Una carreggiata a doppio senso;Asciutto;Asfaltata;Verticale ed orizzontale;Sereno;Normale;Sufficiente;Ore Diurne;1;0;0;2;12.58122;41.87047;-1;2;Autovettura privata;In marcia / fermata / arresto;Conducente;F;Rimandato;0;NON DECEDUTO;Non accertato;Inesploso
2704859;7;20/02/2016 10:00;Strada Urbana;VIA CASILINA;in corrispondenza;;del civico n.;997;;Tamponamento Multiplo;Rettilineo;Una carreggiata a doppio senso;Asciutto;Asfaltata;Verticale ed orizzontale;Sereno;Normale;Sufficiente;Ore Diurne;1;0;0;2;12.58122;41.87047;-1;3;Autovettura privata;In marcia / fermata / arresto;Conducente;M;Illeso;0;;Non accertato;Inesploso
2704880;3;21/02/2016 23:00;Strada Urbana;PIAZZALE DELLE PROVINCIE;da specificare;;;;ALTEZZA VIA CATANIA;Scontro laterale fra veicoli in marcia;Rotatoria;Una carreggiata a senso unico di marcia;Asciutto;Asfaltata;Verticale ed orizzontale;Sereno;Normale;Sufficiente;Sufficiente;0;0;0;3;12.52102;41.90948;-1;1;Motociclo con passeggero;In marcia / fermata / arresto;Conducente;M;Illeso;0;;Non accertato;
2704880;3;21/02/2016 23:00;Strada Urbana;PIAZZALE DELLE PROVINCIE;da specificare;;;;ALTEZZA VIA CATANIA;Scontro laterale fra veicoli in marcia;Rotatoria;Una carreggiata a senso unico di marcia;Asciutto;Asfaltata;Verticale ed orizzontale;Sereno;Normale;Sufficiente;Sufficiente;0;0;0;3;12.52102;41.90948;-1;1;Motociclo con passeggero;In marcia / fermata / arresto;Passeggero;M;Illeso;0;;Non accertato;
2704880;3;21/02/2016 23:00;Strada Urbana;PIAZZALE DELLE PROVINCIE;da specificare;;;;ALTEZZA VIA CATANIA;Scontro laterale fra veicoli in marcia;Rotatoria;Una carreggiata a senso unico di marcia;Asciutto;Asfaltata;Verticale ed orizzontale;Sereno;Normale;Sufficiente;Sufficiente;0;0;0;3;12.52102;41.90948;-1;2;Motociclo a solo;In marcia / fermata / arresto;Conducente;M;Illeso;0;;Non accertato;
2704882;16;19/02/2016 13:20;Strada Urbana;PIAZZALE ENRICO DUNANT;all'intersezione con;CIRCONVALLAZIONE GIANICOLENSE;CIRCONVALLAZIONE GIANICOLENSE;;;Scontro laterale fra veicoli in marcia;Intersezione semaforizzata;Più di due carreggiate;Asciutto;Asfaltata;Verticale;Sereno;Normale;Buona;Ore Diurne;1;0;0;2;12.4594;41.87167;-1;1;Autovettura privata;In marcia / fermata / arresto;Conducente;M;Illeso;0;;Non accertato;Inesploso
2704882;16;19/02/2016 13:20;Strada Urbana;PIAZZALE ENRICO DUNANT;all'intersezione con;CIRCONVALLAZIONE GIANICOLENSE;CIRCONVALLAZIONE GIANICOLENSE;;;Scontro laterale fra veicoli in marcia;Intersezione semaforizzata;Più di due carreggiate;Asciutto;Asfaltata;Verticale;Sereno;Normale;Buona;Ore Diurne;1;0;0;2;12.4594;41.87167;-1;1;Autovettura privata;In marcia / fermata / arresto;Passeggero;F;Illeso;0;;;
2704882;16;19/02/2016 13:20;Strada Urbana;PIAZZALE ENRICO DUNANT;all'intersezione con;CIRCONVALLAZIONE GIANICOLENSE;CIRCONVALLAZIONE GIANICOLENSE;;;Scontro laterale fra veicoli in marcia;Intersezione semaforizzata;Più di due carreggiate;Asciutto;Asfaltata;Verticale;Sereno;Normale;Buona;Ore Diurne;1;0;0;2;12.4594;41.87167;-1;2;Motociclo a solo;In marcia / fermata / arresto;Conducente;M;Rimandato;0;NON DECEDUTO;;
2704894;12;20/02/2016 16:00;Strada Urbana;VIA LAURENTINA;all'intersezione con;VIA DI ACQUA ACETOSA OSTIENSE;VIA DI ACQUA ACETOSA OSTIENSE;;;Investimento di pedone;Intersezione semaforizzata;Due carreggiate;Asciutto;Asfaltata;Verticale ed orizzontale;Sole radente;Normale;Sufficiente;Ore Diurne;3;0;0;2;12.48147;41.8018;-1;;;;Pedone;F;Rimandato;0;NON DECEDUTO;;
2704894;12;20/02/2016 16:00;Strada Urbana;VIA LAURENTINA;all'intersezione con;VIA DI ACQUA ACETOSA OSTIENSE;VIA DI ACQUA ACETOSA OSTIENSE;;;Investimento di pedone;Intersezione semaforizzata;Due carreggiate;Asciutto;Asfaltata;Verticale ed orizzontale;Sole radente;Normale;Sufficiente;Ore Diurne;3;0;0;2;12.48147;41.8018;-1;;;;Pedone;M;Rimandato;0;NON DECEDUTO;;
2704894;12;20/02/2016 16:00;Strada Urbana;VIA LAURENTINA;all'intersezione con;VIA DI ACQUA ACETOSA OSTIENSE;VIA DI ACQUA ACETOSA OSTIENSE;;;Investimento di pedone;Intersezione semaforizzata;Due carreggiate;Asciutto;Asfaltata;Verticale ed orizzontale;Sole radente;Normale;Sufficiente;Ore Diurne;3;0;0;2;12.48147;41.8018;-1;;;;Pedone;M;Rimandato;0;NON DECEDUTO;;
2704894;12;20/02/2016 16:00;Strada Urbana;VIA LAURENTINA;all'intersezione con;VIA DI ACQUA ACETOSA OSTIENSE;VIA DI ACQUA ACETOSA OSTIENSE;;;Investimento di pedone;Intersezione semaforizzata;Due carreggiate;Asciutto;Asfaltata;Verticale ed orizzontale;Sole radente;Normale;Sufficiente;Ore Diurne;3;0;0;2;12.48147;41.8018;-1;1;Autovettura privata;In marcia / fermata / arresto;Conducente;M;Illeso;0;;Non accertato;Inesistente
2704894;12;20/02/2016 16:00;Strada Urbana;VIA LAURENTINA;all'intersezione con;VIA DI ACQUA ACETOSA OSTIENSE;VIA DI ACQUA ACETOSA OSTIENSE;;;Investimento di pedone;Intersezione semaforizzata;Due carreggiate;Asciutto;Asfaltata;Verticale ed orizzontale;Sole radente;Normale;Sufficiente;Ore Diurne;3;0;0;2;12.48147;41.8018;-1;1;Autovettura privata;In marcia / fermata / arresto;Passeggero;F;Illeso;0;;Utilizzato;Inesistente
2704895;2;19/02/2016 16:00;Strada Urbana;VIA DEL FORO ITALICO;da specificare;;;;dir. S. Giovanni in pross. uscita Flaminia;Tamponamento;Rettilineo;Due carreggiate;Asciutto;Asfaltata;Verticale ed orizzontale;Sereno;Intenso;Buona;Ore Diurne;0;0;0;4;12.48276;41.94007;-1;1;Autovettura privata;In marcia / fermata / arresto;Conducente;M;Illeso;0;;Non accertato;Inesploso
2704895;2;19/02/2016 16:00;Strada Urbana;VIA DEL FORO ITALICO;da specificare;;;;dir. S. Giovanni in pross. uscita Flaminia;Tamponamento;Rettilineo;Due carreggiate;Asciutto;Asfaltata;Verticale ed orizzontale;Sereno;Intenso;Buona;Ore Diurne;0;0;0;4;12.48276;41.94007;-1;1;Autovettura privata;In marcia / fermata / arresto;Passeggero;F;Illeso;0;;Non accertato;Inesploso
2704895;2;19/02/2016 16:00;Strada Urbana;VIA DEL FORO ITALICO;da specificare;;;;dir. S. Giovanni in pross. uscita Flaminia;Tamponamento;Rettilineo;Due carreggiate;Asciutto;Asfaltata;Verticale ed orizzontale;Sereno;Intenso;Buona;Ore Diurne;0;0;0;4;12.48276;41.94007;-1;1;Autovettura privata;In marcia / fermata / arresto;Passeggero;M;Illeso;0;;Non accertato;Inesploso
2704895;2;19/02/2016 16:00;Strada Urbana;VIA DEL FORO ITALICO;da specificare;;;;dir. S. Giovanni in pross. uscita Flaminia;Tamponamento;Rettilineo;Due carreggiate;Asciutto;Asfaltata;Verticale ed orizzontale;Sereno;Intenso;Buona;Ore Diurne;0;0;0;4;12.48276;41.94007;-1;2;Autovettura privata;In marcia / fermata / arresto;Conducente;M;Illeso;0;;Non accertato;Inesploso
2704897;2;22/02/2016 08:00;Strada Urbana;VIALE GIOACCHINO ROSSINI;da specificare;;;;fronte civico 32;Veicolo in marcia contro ostacolo accidentale;Rettilineo;Una carreggiata a doppio senso;Asciutto;Con buche;Verticale ed orizzontale;Nuvoloso;Normale;Buona;Ore Diurne;0;0;0;1;12.49217;41.92118;-1;1;Autovettura privata;In marcia / fermata / arresto;Conducente;F;Illeso;0;;Non accertato;Inesploso
2704904;1;21/02/2016 16:20;Strada Urbana;PIAZZA VENEZIA;da specificare;;;;altezza VIA DEL CORSO;Tamponamento;Rettilineo;Una carreggiata a senso unico di marcia;Asciutto;Acciotolata;Verticale ed orizzontale;Sereno;Intenso;Buona;Ore Diurne;1;0;0;5;12.48257;41.89632;-1;1;Autovettura privata;In marcia / fermata / arresto;Conducente;F;Illeso;0;;Non accertato;Inesploso
2704904;1;21/02/2016 16:20;Strada Urbana;PIAZZA VENEZIA;da specificare;;;;altezza VIA DEL CORSO;Tamponamento;Rettilineo;Una carreggiata a senso unico di marcia;Asciutto;Acciotolata;Verticale ed orizzontale;Sereno;Intenso;Buona;Ore Diurne;1;0;0;5;12.48257;41.89632;-1;1;Autovettura privata;In marcia / fermata / arresto;Passeggero;F;Illeso;0;;Non accertato;Inesploso
2704904;1;21/02/2016 16:20;Strada Urbana;PIAZZA VENEZIA;da specificare;;;;altezza VIA DEL CORSO;Tamponamento;Rettilineo;Una carreggiata a senso unico di marcia;Asciutto;Acciotolata;Verticale ed orizzontale;Sereno;Intenso;Buona;Ore Diurne;1;0;0;5;12.48257;41.89632;-1;2;Autovettura privata;In marcia / fermata / arresto;Conducente;M;Illeso;0;;Non accertato;Inesploso
2704904;1;21/02/2016 16:20;Strada Urbana;PIAZZA VENEZIA;da specificare;;;;altezza VIA DEL CORSO;Tamponamento;Rettilineo;Una carreggiata a senso unico di marcia;Asciutto;Acciotolata;Verticale ed orizzontale;Sereno;Intenso;Buona;Ore Diurne;1;0;0;5;12.48257;41.89632;-1;2;Autovettura privata;In marcia / fermata / arresto;Passeggero;F;Illeso;0;;Non accertato;Inesploso
2704904;1;21/02/2016 16:20;Strada Urbana;PIAZZA VENEZIA;da specificare;;;;altezza VIA DEL CORSO;Tamponamento;Rettilineo;Una carreggiata a senso unico di marcia;Asciutto;Acciotolata;Verticale ed orizzontale;Sereno;Intenso;Buona;Ore Diurne;1;0;0;5;12.48257;41.89632;-1;2;Autovettura privata;In marcia / fermata / arresto;Passeggero;M;Illeso;0;;Non accertato;Inesploso
2704904;1;21/02/2016 16:20;Strada Urbana;PIAZZA VENEZIA;da specificare;;;;altezza VIA DEL CORSO;Tamponamento;Rettilineo;Una carreggiata a senso unico di marcia;Asciutto;Acciotolata;Verticale ed orizzontale;Sereno;Intenso;Buona;Ore Diurne;1;0;0;5;12.48257;41.89632;-1;2;Autovettura privata;In marcia / fermata / arresto;Passeggero;M;Rifiuta cure immediate;0;NON DECEDUTO;Non accertato;Inesploso
2704906;4;21/02/2016 10:15;Statale entro l'abitato;VIA SALARIA;da specificare;;;;km. 13.200;Tamponamento;Curva senza visuale libera;Due carreggiate;Asciutto;Asfaltata;Verticale ed orizzontale;Sereno;Normale;Buona;Ore Diurne;2;0;0;1;12.50445;41.9554;-1;1;Motociclo con passeggero;In marcia / fermata / arresto;Conducente;M;Ricoverato;0;NON DECEDUTO;Utilizzato;
2704906;4;21/02/2016 10:15;Statale entro l'abitato;VIA SALARIA;da specificare;;;;km. 13.200;Tamponamento;Curva senza visuale libera;Due carreggiate;Asciutto;Asfaltata;Verticale ed orizzontale;Sereno;Normale;Buona;Ore Diurne;2;0;0;1;12.50445;41.9554;-1;1;Motociclo con passeggero;In marcia / fermata / arresto;Passeggero;F;Ricoverato;0;NON DECEDUTO;Utilizzato;
2704906;4;21/02/2016 10:15;Statale entro l'abitato;VIA SALARIA;da specificare;;;;km. 13.200;Tamponamento;Curva senza visuale libera;Due carreggiate;Asciutto;Asfaltata;Verticale ed orizzontale;Sereno;Normale;Buona;Ore Diurne;2;0;0;1;12.50445;41.9554;-1;2;Autovettura privata;In marcia / fermata / arresto;Conducente;M;Illeso;0;;;
2704941;1;21/02/2016 00:30;Strada Urbana;CORSO D'ITALIA;da specificare;;;;tratto compreso tra VIA MARCHE e VIA TOSCANA;Veicolo in marcia contro ostacolo accidentale;Rettilineo;Più di due carreggiate;Asciutto;Asfaltata;Verticale ed orizzontale;Sereno;Scarso;Sufficiente;Sufficiente;0;0;0;1;12.49135;41.91057;-1;1;Autovettura privata;In marcia / fermata / arresto;Conducente;M;Illeso;0;;;
2704976;1;21/02/2016 01:50;Strada Urbana;VIA DI TOR PIGNATTARA;in prossimità;;del civico n.;118;;Scontro frontale/laterale SX fra veicoli in marcia;Rettilineo;Una carreggiata a senso unico di marcia;Asciutto;Asfaltata;Verticale ed orizzontale;Sereno;Normale;Buona;Sufficiente;1;0;0;1;12.54158;41.87719;-1;1;Autovettura privata;In marcia / fermata / arresto;Conducente;M;Illeso;0;;Non accertato;Inesploso
2704976;1;21/02/2016 01:50;Strada Urbana;VIA DI TOR PIGNATTARA;in prossimità;;del civico n.;118;;Scontro frontale/laterale SX fra veicoli in marcia;Rettilineo;Una carreggiata a senso unico di marcia;Asciutto;Asfaltata;Verticale ed orizzontale;Sereno;Normale;Buona;Sufficiente;1;0;0;1;12.54158;41.87719;-1;2;Motociclo a solo;In marcia / fermata / arresto;Conducente;M;Rimandato;0;NON DECEDUTO;Non accertato;
2704984;2;21/02/2016 23:30;Strada Urbana;VIA VAL D'OSSOLA;all'intersezione con;VIA VALDINIEVOLE;VIA VALDINIEVOLE;;;Scontro frontale/laterale DX fra veicoli in marcia;Intersezione non regolata/non segnalata;Una carreggiata a senso unico di marcia;Asciutto;Asfaltata;Verticale ed orizzontale;Sereno;Scarso;Sufficiente;Sufficiente;0;0;0;2;12.52942;41.93487;-1;1;Autovettura privata;In marcia / fermata / arresto;Conducente;M;Illeso;0;;;
2704984;2;21/02/2016 23:30;Strada Urbana;VIA VAL D'OSSOLA;all'intersezione con;VIA VALDINIEVOLE;VIA VALDINIEVOLE;;;Scontro frontale/laterale DX fra veicoli in marcia;Intersezione non regolata/non segnalata;Una carreggiata a senso unico di marcia;Asciutto;Asfaltata;Verticale ed orizzontale;Sereno;Scarso;Sufficiente;Sufficiente;0;0;0;2;12.52942;41.93487;-1;2;Autovettura privata;In marcia / fermata / arresto;Conducente;M;Illeso;0;;;
2705012;12;21/02/2016 11:55;Provinciale entro l'abitato;VIA LAURENTINA;da specificare;;;;direzione Roma all'altezza di P.le Douhet;Tamponamento Multiplo;Rettilineo;Due carreggiate;Asciutto;Asfaltata;Verticale ed orizzontale;Sereno;Normale;Buona;Ore Diurne;0;0;0;6;12.4789;41.82772;-1;1;Autovettura privata;In marcia / fermata / arresto;Conducente;M;Illeso;0;;Non accertato;Esploso
2705012;12;21/02/2016 11:55;Provinciale entro l'abitato;VIA LAURENTINA;da specificare;;;;direzione Roma all'altezza di P.le Douhet;Tamponamento Multiplo;Rettilineo;Due carreggiate;Asciutto;Asfaltata;Verticale ed orizzontale;Sereno;Normale;Buona;Ore Diurne;0;0;0;6;12.4789;41.82772;-1;2;Autovettura privata;In marcia / fermata / arresto;Conducente;M;Illeso;0;;Utilizzato;Inesploso
2705012;12;21/02/2016 11:55;Provinciale entro l'abitato;VIA LAURENTINA;da specificare;;;;direzione Roma all'altezza di P.le Douhet;Tamponamento Multiplo;Rettilineo;Due carreggiate;Asciutto;Asfaltata;Verticale ed orizzontale;Sereno;Normale;Buona;Ore Diurne;0;0;0;6;12.4789;41.82772;-1;3;Autovettura privata;In marcia / fermata / arresto;Conducente;M;Illeso;0;;Non accertato;Inesploso
2705012;12;21/02/2016 11:55;Provinciale entro l'abitato;VIA LAURENTINA;da specificare;;;;direzione Roma all'altezza di P.le Douhet;Tamponamento Multiplo;Rettilineo;Due carreggiate;Asciutto;Asfaltata;Verticale ed orizzontale;Sereno;Normale;Buona;Ore Diurne;0;0;0;6;12.4789;41.82772;-1;3;Autovettura privata;In marcia / fermata / arresto;Passeggero;F;Illeso;0;;Utilizzato;Inesploso