Protocollo;Gruppo;DataOraIncidente;Localizzazione1;STRADA1;Localizzazione2;STRADA2;Strada02;Chilometrica;DaSpecificare;NaturaIncidente;particolaritastrade;TipoStrada;FondoStradale;Pavimentazione;Segnaletica;CondizioneAtmosferica;Traffico;Visibilita;Illuminazione;NUM_FERITI;NUM_RISERVATA;NUM_MORTI;NUM_ILLESI;Longitudine;Latitudine;Confermato;Progressivo;TipoVeicolo;StatoVeicolo;TipoPersona;Sesso;Tipolesione;Deceduto;DecedutoDopo;CinturaCascoUtilizzato;Airbag
2709073;20;24/02/2016 15:35;Strada Urbana;VIA CASSIA;all'intersezione con;VIA NEMEA;VIA NEMEA;;;Scontro frontale/laterale SX fra veicoli in marcia;Incrocio;Una carreggiata a senso unico di marcia;Asciutto;Asfaltata;Verticale ed orizzontale;Sereno;Normale;Buona;Ore Diurne;0;0;0;5;12.46285;41.9479;-1;1;Autovettura privata;In marcia / fermata / arresto;Passeggero;M;Illeso;0;;;
2709073;20;24/02/2016 15:35;Strada Urbana;VIA CASSIA;all'intersezione con;VIA NEMEA;VIA NEMEA;;;Scontro frontale/laterale SX fra veicoli in marcia;Incrocio;Una carreggiata a senso unico di marcia;Asciutto;Asfaltata;Verticale ed orizzontale;Sereno;Normale;Buona;Ore Diurne;0;0;0;5;12.46285;41.9479;-1;2;Autovettura privata;In marcia / fermata / arresto;Conducente;M;Illeso;0;;;
2709073;20;24/02/2016 15:35;Strada Urbana;VIA CASSIA;all'intersezione con;VIA NEMEA;VIA NEMEA;;;Scontro frontale/laterale SX fra veicoli in marcia;Incrocio;Una carreggiata a senso unico di marcia;Asciutto;Asfaltata;Verticale ed orizzontale;Sereno;Normale;Buona;Ore Diurne;0;0;0;5;12.46285;41.9479;-1;2;Autovettura privata;In marcia / fermata / arresto;Passeggero;F;Illeso;0;;;
2709082;20;24/02/2016 14:50;Regionale entro l'abitato;VIA FLAMINIA;in prossimità;;della chilometrica;7.9;;Tamponamento Multiplo;Rettilineo;Due carreggiate;Asciutto;Asfaltata;Verticale ed orizzontale;Sereno;Normale;Buona;Ore Diurne;0;0;0;3;12.49686;41.99982;-1;1;Autovettura privata;In marcia / fermata / arresto;Conducente;M;Illeso;0;;Non accertato;Inesploso
2709082;20;24/02/2016 14:50;Regionale entro l'abitato;VIA FLAMINIA;in prossimità;;della chilometrica;7.9;;Tamponamento Multiplo;Rettilineo;Due carreggiate;Asciutto;Asfaltata;Verticale ed orizzontale;Sereno;Normale;Buona;Ore Diurne;0;0;0;3;12.49686;41.99982;-1;2;Autovettura privata;In marcia / fermata / arresto;Conducente;M;Illeso;0;;Non accertato;Inesploso
2709082;20;24/02/2016 14:50;Regionale entro l'abitato;VIA FLAMINIA;in prossimità;;della chilometrica;7.9;;Tamponamento Multiplo;Rettilineo;Due carreggiate;Asciutto;Asfaltata;Verticale ed orizzontale;Sereno;Normale;Buona;Ore Diurne;0;0;0;3;12.49686;41.99982;-1;3;Autovettura privata;In marcia / fermata / arresto;Conducente;F;Illeso;0;;Non accertato;Inesploso
2709091;5;24/02/2016 16:00;Strada Urbana;VIALE DELLA SERENISSIMA;da specificare;;;;alt. svincolo A24 dir. Prenestina;Scontro laterale fra veicoli in marcia;Rettilineo;Due carreggiate;Asciutto;Asfaltata;Verticale ed orizzontale;Sereno;Normale;Buona;Ore Diurne;0;0;0;4;12.55697;41.90242;-1;1;Autovettura privata;In marcia / fermata / arresto;Conducente;F;Illeso;0;;Non accertato;
2709091;5;24/02/2016 16:00;Strada Urbana;VIALE DELLA SERENISSIMA;da specificare;;;;alt. svincolo A24 dir. Prenestina;Scontro laterale fra veicoli in marcia;Rettilineo;Due carreggiate;Asciutto;Asfaltata;Verticale ed orizzontale;Sereno;Normale;Buona;Ore Diurne;0;0;0;4;12.55697;41.90242;-1;1;Autovettura privata;In marcia / fermata / arresto;Passeggero;F;Illeso;0;;Non accertato;
2709091;5;24/02/2016 16:00;Strada Urbana;VIALE DELLA SERENISSIMA;da specificare;;;;alt. svincolo A24 dir. Prenestina;Scontro laterale fra veicoli in marcia;Rettilineo;Due carreggiate;Asciutto;Asfaltata;Verticale ed orizzontale;Sereno;Normale;Buona;Ore Diurne;0;0;0;4;12.55697;41.90242;-1;1;Autovettura privata;In marcia / fermata / arresto;Passeggero;M;Illeso;0;;Non accertato;
2709091;5;24/02/2016 16:00;Strada Urbana;VIALE DELLA SERENISSIMA;da specificare;;;;alt. svincolo A24 dir. Prenestina;Scontro laterale fra veicoli in marcia;Rettilineo;Due carreggiate;Asciutto;Asfaltata;Verticale ed orizzontale;Sereno;Normale;Buona;Ore Diurne;0;0;0;4;12.55697;41.90242;-1;2;Autovettura privata;In marcia / fermata / arresto;Conducente;F;Illeso;0;;Non accertato;
2709098;5;24/02/2016 12:45;Strada Urbana;VIA DEI MONTI TIBURTINI;da specificare;;;;200 mt.prima della rampa per tang.dir.Foro Italico;Veicolo in marcia contro ostacolo accidentale;Curva a visuale libera;Due carreggiate;Asciutto;Asfaltata;Verticale ed orizzontale;Sereno;Scarso;Buona;Ore Diurne;0;0;0;2;8.93121;41.92213;-1;1;Autovettura privata;In marcia / fermata / arresto;Conducente;F;Illeso;0;;Non accertato;
2709098;5;24/02/2016 12:45;Strada Urbana;VIA DEI MONTI TIBURTINI;da specificare;;;;200 mt.prima della rampa per tang.dir.Foro Italico;Veicolo in marcia contro ostacolo accidentale;Curva a visuale libera;Due carreggiate;Asciutto;Asfaltata;Verticale ed orizzontale;Sereno;Scarso;Buona;Ore Diurne;0;0;0;2;8.93121;41.92213;-1;1;Autovettura privata;In marcia / fermata / arresto;Passeggero;F;Illeso;0;;Non accertato;
2709114;4;24/02/2016 16:00;Strada Urbana;VIALE JONIO;in prossimità;;del civico n.;31;;Tamponamento;Rettilineo;Due carreggiate;Asciutto;Asfaltata;Orizzontale;Sereno;Normale;Buona;Ore Diurne;0;0;0;3;12.54452;41.94365;-1;1;Autovettura privata;In marcia / fermata / arresto;Conducente;M;Illeso;0;;Non accertato;Inesploso
2709114;4;24/02/2016 16:00;Strada Urbana;VIALE JONIO;in prossimità;;del civico n.;31;;Tamponamento;Rettilineo;Due carreggiate;Asciutto;Asfaltata;Orizzontale;Sereno;Normale;Buona;Ore Diurne;0;0;0;3;12.54452;41.94365;-1;2;Autovettura privata;In marcia / fermata / arresto;Conducente;M;Illeso;0;;Non accertato;Esploso
2709114;4;24/02/2016 16:00;Strada Urbana;VIALE JONIO;in prossimità;;del civico n.;31;;Tamponamento;Rettilineo;Due carreggiate;Asciutto;Asfaltata;Orizzontale;Sereno;Normale;Buona;Ore Diurne;0;0;0;3;12.54452;41.94365;-1;2;Autovettura privata;In marcia / fermata / arresto;Passeggero;F;Illeso;0;;Non accertato;Esploso
2709123;20;24/02/2016 15:50;Strada Urbana;VIA DELLA STAZIONE DI CESANO;in corrispondenza;;del civico n.;671/A;;Veicolo in marcia contro veicolo arresto;Rettilineo;Una carreggiata a doppio senso;Asciutto;Asfaltata;Verticale ed orizzontale;Sereno;Normale;Buona;Ore Diurne;0;0;0;3;12.34083;42.08021;-1;1;Autovettura privata;In marcia / fermata / arresto;Conducente;M;Illeso;0;;;
2709123;20;24/02/2016 15:50;Strada Urbana;VIA DELLA STAZIONE DI CESANO;in corrispondenza;;del civico n.;671/A;;Veicolo in marcia contro veicolo arresto;Rettilineo;Una carreggiata a doppio senso;Asciutto;Asfaltata;Verticale ed orizzontale;Sereno;Normale;Buona;Ore Diurne;0;0;0;3;12.34083;42.08021;-1;1;Autovettura privata;In marcia / fermata / arresto;Passeggero;M;Illeso;0;;;
2709123;20;24/02/2016 15:50;Strada Urbana;VIA DELLA STAZIONE DI CESANO;in corrispondenza;;del civico n.;671/A;;Veicolo in marcia contro veicolo arresto;Rettilineo;Una carreggiata a doppio senso;Asciutto;Asfaltata;Verticale ed orizzontale;Sereno;Normale;Buona;Ore Diurne;0;0;0;3;12.34083;42.08021;-1;2;Autobus urbano;In marcia / fermata / arresto;Conducente;M;Illeso;0;;;
2709133;13;25/02/2016 02:50;Strada Urbana;VIALE CAPITAN CASELLA;in corrispondenza;;del civico n.;64;;Veicolo in marcia contro veicoli in sosta;Rettilineo;Due carreggiate;Asciutto;Asfaltata;Assente;Sereno;Scarso;Buona;Sufficiente;0;0;0;1;12.29213;41.72816;-1;1;Autovettura privata;In marcia / fermata / arresto;Conducente;F;Illeso;0;;Non accertato;Inesploso
2709141;4;24/02/2016 15:45;Strada Urbana;VIA MONTE MASSICO;in prossimità;;del civico n.;17;;Scontro frontale/laterale SX fra veicoli in marcia;Rettilineo;Due carreggiate;Asciutto;Asfaltata;Verticale ed orizzontale;Sereno;Normale;Buona;Ore Diurne;1;0;0;1;12.53511;41.95051;-1;1;Autovettura privata;In marcia / fermata / arresto;Conducente;M;Illeso;0;;Non accertato;Inesploso
2709141;4;24/02/2016 15:45;Strada Urbana;VIA MONTE MASSICO;in prossimità;;del civico n.;17;;Scontro frontale/laterale SX fra veicoli in marcia;Rettilineo;Due carreggiate;Asciutto;Asfaltata;Verticale ed orizzontale;Sereno;Normale;Buona;Ore Diurne;1;0;0;1;12.53511;41.95051;-1;2;Ciclomotore;In marcia / fermata / arresto;Conducente;M;Rimandato;0;NON DECEDUTO;Non accertato;
2709142;7;24/02/2016 02:00;Strada Urbana;VIALE DELLE GARDENIE;in corrispondenza;;del civico n.;131;;Scontro laterale fra veicoli in marcia;Rettilineo;Una carreggiata a senso unico di marcia;Asciutto;Asfaltata;Assente;Sereno;Normale;Buona;Ore Diurne;0;0;0;2;12.56802;41.88589;-1;1;Autovettura privata;In marcia / fermata / arresto;Conducente;M;Illeso;0;;Non accertato;Inesploso
2709142;7;24/02/2016 02:00;Strada Urbana;VIALE DELLE GARDENIE;in corrispondenza;;del civico n.;131;;Scontro laterale fra veicoli in marcia;Rettilineo;Una carreggiata a senso unico di marcia;Asciutto;Asfaltata;Assente;Sereno;Normale;Buona;Ore Diurne;0;0;0;2;12.56802;41.88589;-1;2;Autovettura privata;In marcia / fermata / arresto;Conducente;M;Illeso;0;;Non accertato;Esploso
2709145;4;24/02/2016 11:10;Strada Urbana;VIA UGO OJETTI;da specificare;;;;prossimità via Cajumi (area di parcheggio);Veicolo in marcia contro veicolo arresto;Rettilineo;Una carreggiata a doppio senso;Asciutto;Asfaltata;Verticale ed orizzontale;Sereno;Normale;Buona;Ore Diurne;0;0;0;2;12.55641;41.94961;-1;1;Autovettura privata;In marcia / fermata / arresto;Conducente;M;Illeso;0;;Non accertato;Inesploso
2709145;4;24/02/2016 11:10;Strada Urbana;VIA UGO OJETTI;da specificare;;;;prossimità via Cajumi (area di parcheggio);Veicolo in marcia contro veicolo arresto;Rettilineo;Una carreggiata a doppio senso;Asciutto;Asfaltata;Verticale ed orizzontale;Sereno;Normale;Buona;Ore Diurne;0;0;0;2;12.55641;41.94961;-1;2;Autovettura privata;In marcia / fermata / arresto;Conducente;F;Illeso;0;;Non accertato;Inesploso
2709152;13;24/02/2016 07:50;Strada Urbana;VIA OSTIENSE;da specificare;;;;altezza rampa immissione sottopasso via Ostiense;Scontro laterale fra veicoli in marcia;Rettilineo;Una carreggiata a senso unico di marcia;Asciutto;Asfaltata;Verticale ed orizzontale;Sereno;Normale;Buona;Ore Diurne;0;0;0;2;12.42161;41.80982;-1;1;Autovettura privata;In marcia / fermata / arresto;Conducente;M;Illeso;0;;Non accertato;
2709152;13;24/02/2016 07:50;Strada Urbana;VIA OSTIENSE;da specificare;;;;altezza rampa immissione sottopasso via Ostiense;Scontro laterale fra veicoli in marcia;Rettilineo;Una carreggiata a senso unico di marcia;Asciutto;Asfaltata;Verticale ed orizzontale;Sereno;Normale;Buona;Ore Diurne;0;0;0;2;12.42161;41.80982;-1;1;Autovettura privata;In marcia / fermata / arresto;Passeggero;M;Illeso;0;;Non accertato;
2709179;17;24/02/2016 08:20;Strada Urbana;LUNGOTEVERE DEI FIORENTINI;all'intersezione semaforizzata con;PONTE VITTORIO EMANUELE II;PONTE VITTORIO EMANUELE II;;;Scontro laterale fra veicoli in marcia;Intersezione semaforizzata;Una carreggiata a senso unico di marcia;Asciutto;Asfaltata;Verticale ed orizzontale;Sereno;Intenso;Sufficiente;Ore Diurne;0;0;0;3;12.46439;41.90032;-1;1;Autovettura privata;In marcia / fermata / arresto;Conducente;M;Illeso;0;;;
2709179;17;24/02/2016 08:20;Strada Urbana;LUNGOTEVERE DEI FIORENTINI;all'intersezione semaforizzata con;PONTE VITTORIO EMANUELE II;PONTE VITTORIO EMANUELE II;;;Scontro laterale fra veicoli in marcia;Intersezione semaforizzata;Una carreggiata a senso unico di marcia;Asciutto;Asfaltata;Verticale ed orizzontale;Sereno;Intenso;Sufficiente;Ore Diurne;0;0;0;3;12.46439;41.90032;-1;1;Autovettura privata;In marcia / fermata / arresto;Passeggero;F;Illeso;0;;;
2709179;17;24/02/2016 08:20;Strada Urbana;LUNGOTEVERE DEI FIORENTINI;all'intersezione semaforizzata con;PONTE VITTORIO EMANUELE II;PONTE VITTORIO EMANUELE II;;;Scontro laterale fra veicoli in marcia;Intersezione semaforizzata;Una carreggiata a senso unico di marcia;Asciutto;Asfaltata;Verticale ed orizzontale;Sereno;Intenso;Sufficiente;Ore Diurne;0;0;0;3;12.46439;41.90032;-1;2;Autovettura privata;In marcia / fermata / arresto;Conducente;F;Illeso;0;;;
2709190;7;24/02/2016 19:30;Strada Urbana;VIALE PALMIRO TOGLIATTI;in prossimità;;del civico n.;852;;Scontro laterale fra veicoli in marcia;Rettilineo;Due carreggiate;Asciutto;Asfaltata;Orizzontale;Sereno;Intenso;Buona;Sufficiente;1;0;0;4;12.57382;41.88814;-1;1;Autovettura privata;In marcia / fermata / arresto;Conducente;M;Illeso;0;;Non accertato;Inesploso
2709190;7;24/02/2016 19:30;Strada Urbana;VIALE PALMIRO TOGLIATTI;in prossimità;;del civico n.;852;;Scontro laterale fra veicoli in marcia;Rettilineo;Due carreggiate;Asciutto;Asfaltata;Orizzontale;Sereno;Intenso;Buona;Sufficiente;1;0;0;4;12.57382;41.88814;-1;2;Autovettura privata;In marcia / fermata / arresto;Conducente;M;Illeso;0;;Non accertato;Inesploso
2709190;7;24/02/2016 19:30;Strada Urbana;VIALE PALMIRO TOGLIATTI;in prossimità;;del civico n.;852;;Scontro laterale fra veicoli in marcia;Rettilineo;Due carreggiate;Asciutto;Asfaltata;Orizzontale;Sereno;Intenso;Buona;Sufficiente;1;0;0;4;12.57382;41.88814;-1;3;Autovettura privata;In marcia / fermata / arresto;Conducente;F;Rimandato;0;NON DECEDUTO;Non accertato;Inesploso
2709190;7;24/02/2016 19:30;Strada Urbana;VIALE PALMIRO TOGLIATTI;in prossimità;;del civico n.;852;;Scontro laterale fra veicoli in marcia;Rettilineo;Due carreggiate;Asciutto;Asfaltata;Orizzontale;Sereno;Intenso;Buona;Sufficiente;1;0;0;4;12.57382;41.88814;-1;3;Autovettura privata;In marcia / fermata / arresto;Passeggero;F;Illeso;0;;Non accertato;Inesploso
2709190;7;24/02/2016 19:30;Strada Urbana;VIALE PALMIRO TOGLIATTI;in prossimità;;del civico n.;852;;Scontro laterale fra veicoli in marcia;Rettilineo;Due carreggiate;Asciutto;Asfaltata;Orizzontale;Sereno;Intenso;Buona;Sufficiente;1;0;0;4;12.57382;41.88814;-1;3;Autovettura privata;In marcia / fermata / arresto;Passeggero;M;Illeso;0;;Non accertato;Inesploso
2709206;1;24/02/2016 19:00;Strada Urbana;VIA ANGELO MASINA;in prossimità;;del civico n.;2;;Scontro laterale fra veicoli in marcia;Rettilineo;Una carreggiata a senso unico alternato;Asciutto;Asfaltata;Verticale ed orizzontale;Sereno;Scarso;Sufficiente;Sufficiente;0;0;0;4;12.46365;41.88783;-1;1;Autovettura privata;In marcia / fermata / arresto;Conducente;M;Illeso;0;;Non accertato;Inesploso
2709206;1;24/02/2016 19:00;Strada Urbana;VIA ANGELO MASINA;in prossimità;;del civico n.;2;;Scontro laterale fra veicoli in marcia;Rettilineo;Una carreggiata a senso unico alternato;Asciutto;Asfaltata;Verticale ed orizzontale;Sereno;Scarso;Sufficiente;Sufficiente;0;0;0;4;12.46365;41.88783;-1;1;Autovettura privata;In marcia / fermata / arresto;Passeggero;F;Illeso;0;;Non accertato;Inesploso
2709206;1;24/02/2016 19:00;Strada Urbana;VIA ANGELO MASINA;in prossimità;;del civico n.;2;;Scontro laterale fra veicoli in marcia;Rettilineo;Una carreggiata a senso unico alternato;Asciutto;Asfaltata;Verticale ed orizzontale;Sereno;Scarso;Sufficiente;Sufficiente;0;0;0;4;12.46365;41.88783;-1;2;Autovettura privata;In marcia / fermata / arresto;Conducente;M;Illeso;0;;Non accertato;Inesploso
2709206;1;24/02/2016 19:00;Strada Urbana;VIA ANGELO MASINA;in prossimità;;del civico n.;2;;Scontro laterale fra veicoli in marcia;Rettilineo;Una carreggiata a senso unico alternato;Asciutto;Asfaltata;Verticale ed orizzontale;Sereno;Scarso;Sufficiente;Sufficiente;0;0;0;4;12.46365;41.88783;-1;2;Autovettura privata;In marcia / fermata / arresto;Passeggero;F;Illeso;0;;Non accertato;Inesploso
2709219;4;24/02/2016 16:45;Strada Urbana;VIA NOMENTANA;all'intersezione semaforizzata con;VIA DI CASAL BOCCONE;VIA DI CASAL BOCCONE;;;Scontro frontale/laterale DX fra veicoli in marcia;Intersezione semaforizzata;Una carreggiata a doppio senso;Asciutto;Asfaltata;Verticale ed orizzontale;Sereno;Normale;Buona;Ore Diurne;1;0;0;1;12.5656;41.94651;-1;1;Autovettura privata;In marcia / fermata / arresto;Conducente;M;Illeso;0;;Non accertato;
2709219;4;24/02/2016 16:45;Strada Urbana;VIA NOMENTANA;all'intersezione semaforizzata con;VIA DI CASAL BOCCONE;VIA DI CASAL BOCCONE;;;Scontro frontale/laterale DX fra veicoli in marcia;Intersezione semaforizzata;Una carreggiata a doppio senso;Asciutto;Asfaltata;Verticale ed orizzontale;Sereno;Normale;Buona;Ore Diurne;1;0;0;1;12.5656;41.94651;-1;2;Autovettura privata;In marcia / fermata / arresto;Conducente;F;Rifiuta cure immediate;0;NON DECEDUTO;Non accertato;
2709230;4;24/02/2016 11:25;Strada Urbana;VIA DELLA BUFALOTTA;all'intersezione con;VIA RENATO FUCINI;VIA RENATO FUCINI;;;Investimento di pedone;Intersezione semaforizzata;Una carreggiata a doppio senso;Asciutto;Asfaltata;Verticale ed orizzontale;Sereno;Normale;Buona;Ore Diurne;1;0;0;1;12.54433;41.95353;-1;;;;Pedone;F;Ricoverato;0;NON DECEDUTO;;
2709230;4;24/02/2016 11:25;Strada Urbana;VIA DELLA BUFALOTTA;all'intersezione con;VIA RENATO FUCINI;VIA RENATO FUCINI;;;Investimento di pedone;Intersezione semaforizzata;Una carreggiata a doppio senso;Asciutto;Asfaltata;Verticale ed orizzontale;Sereno;Normale;Buona;Ore Diurne;1;0;0;1;12.54433;41.95353;-1;1;Autovettura privata;In marcia / fermata / arresto;Conducente;M;Illeso;0;;;
2709249;20;25/02/2016 08:50;Regionale;VIA FLAMINIA;in corrispondenza;;della chilometrica;10.8;;Scontro laterale fra veicoli in marcia;Rettilineo;Due carreggiate;Asciutto;Asfaltata;Verticale ed orizzontale;Nuvoloso;Intenso;Buona;Ore Diurne;1;0;0;1;12.49415;41.98787;-1;1;Autovettura privata;In marcia / fermata / arresto;Conducente;M;Illeso;0;;Non accertato;Inesploso
2709249;20;25/02/2016 08:50;Regionale;VIA FLAMINIA;in corrispondenza;;della chilometrica;10.8;;Scontro laterale fra veicoli in marcia;Rettilineo;Due carreggiate;Asciutto;Asfaltata;Verticale ed orizzontale;Nuvoloso;Intenso;Buona;Ore Diurne;1;0;0;1;12.49415;41.98787;-1;2;Motociclo a solo;In marcia / fermata / arresto;Conducente;F;Rimandato;0;NON DECEDUTO;Non accertato;
2709273;5;25/02/2016 06:45;Strada Urbana;VIA COLLI SUL VELINO;in prossimità;;del palo luce n.;25;;Scontro laterale fra veicoli in marcia;Rettilineo;Una carreggiata a senso unico di marcia;Asciutto;Asfaltata;Verticale ed orizzontale;Sereno;Normale;Buona;Ore Diurne;0;0;0;2;12.62478;41.9363;-1;1;Autoarticolato;In marcia / fermata / arresto;Conducente;M;Illeso;0;;Non accertato;Inesistente
2709273;5;25/02/2016 06:45;Strada Urbana;VIA COLLI SUL VELINO;in prossimità;;del palo luce n.;25;;Scontro laterale fra veicoli in marcia;Rettilineo;Una carreggiata a senso unico di marcia;Asciutto;Asfaltata;Verticale ed orizzontale;Sereno;Normale;Buona;Ore Diurne;0;0;0;2;12.62478;41.9363;-1;2;Autocarro inferiore 35 q.;In marcia / fermata / arresto;Conducente;M;Illeso;0;;Non accertato;Inesploso
2709308;1;24/02/2016 18:45;Strada Urbana;LUNGOTEVERE DEI SANGALLO;all'intersezione con;LARGO DEI FIORENTINI;LARGO DEI FIORENTINI;;;Scontro laterale fra veicoli in marcia;Incrocio;Una carreggiata a senso unico di marcia;Asciutto;Asfaltata;Verticale ed orizzontale;Sereno;Intenso;Buona;Sufficiente;1;0;0;1;12.46452;41.89907;-1;1;Autovettura privata;In marcia / fermata / arresto;Conducente;M;Illeso;0;;Non accertato;Inesploso
2709308;1;24/02/2016 18:45;Strada Urbana;LUNGOTEVERE DEI SANGALLO;all'intersezione con;LARGO DEI FIORENTINI;LARGO DEI FIORENTINI;;;Scontro laterale fra veicoli in marcia;Incrocio;Una carreggiata a senso unico di marcia;Asciutto;Asfaltata;Verticale ed orizzontale;Sereno;Intenso;Buona;Sufficiente;1;0;0;1;12.46452;41.89907;-1;2;Motociclo a solo;In marcia / fermata / arresto;Conducente;M;Rimandato;0;NON DECEDUTO;Non accertato;
2709323;17;24/02/2016 09:40;Strada Urbana;VIA RIALTO;all'intersezione con;VIA GIORGIO SCALIA;VIA GIORGIO SCALIA;;;Scontro frontale/laterale DX fra veicoli in marcia;Incrocio;Una carreggiata a senso unico di marcia;Asciutto;Asfaltata;Verticale;Sereno;Intenso;Buona;Ore Diurne;1;0;0;1;12.44631;41.90775;-1;1;Autovettura privata;In marcia / fermata / arresto;Conducente;M;Illeso;0;;Non accertato;Inesploso
2709323;17;24/02/2016 09:40;Strada Urbana;VIA RIALTO;all'intersezione con;VIA GIORGIO SCALIA;VIA GIORGIO SCALIA;;;Scontro frontale/laterale DX fra veicoli in marcia;Incrocio;Una carreggiata a senso unico di marcia;Asciutto;Asfaltata;Verticale;Sereno;Intenso;Buona;Ore Diurne;1;0;0;1;12.44631;41.90775;-1;2;Motociclo a solo;In marcia / fermata / arresto;Conducente;M;Ricoverato;0;NON DECEDUTO;Non accertato;
2709327;13;24/02/2016 12:00;Strada Urbana;VIALE DELLE REPUBBLICHE MARINARE;da specificare;;;;fronte Viale Vasco de Gama;Scontro frontale/laterale DX fra veicoli in marcia;Rettilineo;Due carreggiate;Asciutto;Asfaltata;Verticale;Sereno;Normale;Buona;Ore Diurne;0;0;0;4;12.26834;41.73532;-1;1;Autovettura privata;In marcia / fermata / arresto;Conducente;M;Illeso;0;;Non accertato;Esploso
2709327;13;24/02/2016 12:00;Strada Urbana;VIALE DELLE REPUBBLICHE MARINARE;da specificare;;;;fronte Viale Vasco de Gama;Scontro frontale/laterale DX fra veicoli in marcia;Rettilineo;Due carreggiate;Asciutto;Asfaltata;Verticale;Sereno;Normale;Buona;Ore Diurne;0;0;0;4;12.26834;41.73532;-1;1;Autovettura privata;In marcia / fermata / arresto;Passeggero;F;Illeso;0;;Non accertato;Esploso
2709327;13;24/02/2016 12:00;Strada Urbana;VIALE DELLE REPUBBLICHE MARINARE;da specificare;;;;fronte Viale Vasco de Gama;Scontro frontale/laterale DX fra veicoli in marcia;Rettilineo;Due carreggiate;Asciutto;Asfaltata;Verticale;Sereno;Normale;Buona;Ore Diurne;0;0;0;4;12.26834;41.73532;-1;2;Autovettura privata;In marcia / fermata / arresto;Conducente;F;Illeso;0;;Non accertato;Inesploso
2709327;13;24/02/2016 12:00;Strada Urbana;VIALE DELLE REPUBBLICHE MARINARE;da specificare;;;;fronte Viale Vasco de Gama;Scontro frontale/laterale DX fra veicoli in marcia;Rettilineo;Due carreggiate;Asciutto;Asfaltata;Verticale;Sereno;Normale;Buona;Ore Diurne;0;0;0;4;12.26834;41.73532;-1;2;Autovettura privata;In marcia / fermata / arresto;Passeggero;F;Illeso;0;;Non accertato;Inesploso
2709334;4;25/02/2016 09:00;Strada Urbana;VIA ADAMELLO;all'intersezione con;VIA MONCENISIO;VIA MONCENISIO;;;Scontro frontale/laterale DX fra veicoli in marcia;Incrocio;Una carreggiata a senso unico di marcia;Asciutto;Asfaltata;Verticale ed orizzontale;Nuvoloso;Intenso;Buona;Ore Diurne;1;0;0;2;12.53397;41.94179;-1;1;Motociclo a solo;In marcia / fermata / arresto;Conducente;M;Rimandato;0;NON DECEDUTO;Non accertato;
2709334;4;25/02/2016 09:00;Strada Urbana;VIA ADAMELLO;all'intersezione con;VIA MONCENISIO;VIA MONCENISIO;;;Scontro frontale/laterale DX fra veicoli in marcia;Incrocio;Una carreggiata a senso unico di marcia;Asciutto;Asfaltata;Verticale ed orizzontale;Nuvoloso;Intenso;Buona;Ore Diurne;1;0;0;2;12.53397;41.94179;-1;2;Autobus di linea;In marcia / fermata / arresto;Conducente;M;Illeso;0;;Non accertato;Inesploso
2709334;4;25/02/2016 09:00;Strada Urbana;VIA ADAMELLO;all'intersezione con;VIA MONCENISIO;VIA MONCENISIO;;;Scontro frontale/laterale DX fra veicoli in marcia;Incrocio;Una carreggiata a senso unico di marcia;Asciutto;Asfaltata;Verticale ed orizzontale;Nuvoloso;Intenso;Buona;Ore Diurne;1;0;0;2;12.53397;41.94179;-1;2;Autobus di linea;In marcia / fermata / arresto;Passeggero;M;Illeso;0;;Non accertato;Inesistente
2709356;16;24/02/2016 00:30;Strada Urbana;VIADOTTO DELLA MAGLIANA;da specificare;;;;direzione Fiumicino, fronte via del Cappellaccio;Tamponamento;Curva senza visuale libera;Una carreggiata a senso unico di marcia;Asciutto;Asfaltata;Verticale ed orizzontale;Sereno;Scarso;Sufficiente;Sufficiente;0;0;0;2;12.46325;41.84187;-1;1;Autovettura privata;In marcia / fermata / arresto;Conducente;F;Illeso;0;;Non accertato;Inesploso
2709356;16;24/02/2016 00:30;Strada Urbana;VIADOTTO DELLA MAGLIANA;da specificare;;;;direzione Fiumicino, fronte via del Cappellaccio;Tamponamento;Curva senza visuale libera;Una carreggiata a senso unico di marcia;Asciutto;Asfaltata;Verticale ed orizzontale;Sereno;Scarso;Sufficiente;Sufficiente;0;0;0;2;12.46325;41.84187;-1;2;Autovettura privata;In marcia / fermata / arresto;Conducente;M;Illeso;0;;Non accertato;Inesploso
2709361;2;25/02/2016 08:20;Strada Urbana;PIAZZA SANTIAGO DEL CILE;in prossimità;;del civico n.;8;;Scontro laterale fra veicoli in marcia;Rotatoria;Una carreggiata a senso unico di marcia;Asciutto;Asfaltata;Verticale ed orizzontale;Sereno;Normale;Buona;Ore Diurne;0;0;0;3;12.48661;41.92599;-1;1;Autovettura privata;In marcia / fermata / arresto;Conducente;M;Illeso;0;;Non accertato;Inesploso
2709361;2;25/02/2016 08:20;Strada Urbana;PIAZZA SANTIAGO DEL CILE;in prossimità;;del civico n.;8;;Scontro laterale fra veicoli in marcia;Rotatoria;Una carreggiata a senso unico di marcia;Asciutto;Asfaltata;Verticale ed orizzontale;Sereno;Normale;Buona;Ore Diurne;0;0;0;3;12.48661;41.92599;-1;1;Autovettura privata;In marcia / fermata / arresto;Passeggero;M;Illeso;0;;Non accertato;Inesploso