Protocollo;Gruppo;DataOraIncidente;Localizzazione1;STRADA1;Localizzazione2;STRADA2;Strada02;Chilometrica;DaSpecificare;NaturaIncidente;particolaritastrade;TipoStrada;FondoStradale;Pavimentazione;Segnaletica;CondizioneAtmosferica;Traffico;Visibilita;Illuminazione;NUM_FERITI;NUM_RISERVATA;NUM_MORTI;NUM_ILLESI;Longitudine;Latitudine;Confermato;Progressivo;TipoVeicolo;StatoVeicolo;TipoPersona;Sesso;Tipolesione;Deceduto;DecedutoDopo;CinturaCascoUtilizzato;Airbag
2715704;5;29/02/2016 18:00;Strada Urbana;VIA DEL CASALE DI S. BASILIO;da specificare;;;;altezza Via Tino Buazzelli;Investimento di pedone;Rettilineo;Una carreggiata a doppio senso;Bagnato (pioggia);Asfaltata;Verticale ed orizzontale;Pioggia in atto;Intenso;Sufficiente;Insufficiente;0;0;0;2;12.56886;41.94457;-1;1;Motociclo a solo;In marcia / fermata / arresto;Conducente;M;Illeso;0;;Non accertato;
2715712;5;29/02/2016 18:00;Strada Urbana;VIA DI SALONE;all'intersezione con;VIA LEOFRENI;VIA LEOFRENI;;;Scontro frontale/laterale SX fra veicoli in marcia;Incrocio;Una carreggiata a doppio senso;Bagnato (pioggia);Asfaltata;Orizzontale;Pioggia in atto;Normale;Sufficiente;Sufficiente;0;0;0;2;12.62631;41.93187;-1;1;Autovettura privata;In marcia / fermata / arresto;Conducente;M;Illeso;0;;Non accertato;Inesploso
2715712;5;29/02/2016 18:00;Strada Urbana;VIA DI SALONE;all'intersezione con;VIA LEOFRENI;VIA LEOFRENI;;;Scontro frontale/laterale SX fra veicoli in marcia;Incrocio;Una carreggiata a doppio senso;Bagnato (pioggia);Asfaltata;Orizzontale;Pioggia in atto;Normale;Sufficiente;Sufficiente;0;0;0;2;12.62631;41.93187;-1;2;Autobus di linea;In marcia / fermata / arresto;Conducente;M;Illeso;0;;Non accertato;Inesploso
2715719;13;29/02/2016 08:25;Strada Urbana;VIA MAR DEI SARGASSI;in corrispondenza;;del civico n.;5;;Scontro laterale fra veicoli in marcia;Rettilineo;Una carreggiata a doppio senso;Bagnato (pioggia);Asfaltata;Assente;Nuvoloso;Normale;Buona;Ore Diurne;0;0;0;2;12.30018;41.72711;-1;1;Autovettura privata;In marcia / fermata / arresto;Conducente;M;Illeso;0;;Non accertato;Inesploso
2715719;13;29/02/2016 08:25;Strada Urbana;VIA MAR DEI SARGASSI;in corrispondenza;;del civico n.;5;;Scontro laterale fra veicoli in marcia;Rettilineo;Una carreggiata a doppio senso;Bagnato (pioggia);Asfaltata;Assente;Nuvoloso;Normale;Buona;Ore Diurne;0;0;0;2;12.30018;41.72711;-1;2;Autovettura privata;In marcia / fermata / arresto;Conducente;F;Illeso;0;;Non accertato;Inesploso
2715721;5;29/02/2016 19:00;Strada Urbana;VIA DEI MONTI TIBURTINI;all'intersezione semaforizzata con;VIA FILIPPO MEDA;VIA FILIPPO MEDA;;;Investimento di pedone;Intersezione semaforizzata;Due carreggiate;Bagnato (pioggia);Asfaltata;Verticale ed orizzontale;Pioggia in atto;Normale;Sufficiente;Sufficiente;2;0;0;0;12.54757;41.91564;-1;;;;Pedone;M;Rimandato;0;NON DECEDUTO;;
2715721;5;29/02/2016 19:00;Strada Urbana;VIA DEI MONTI TIBURTINI;all'intersezione semaforizzata con;VIA FILIPPO MEDA;VIA FILIPPO MEDA;;;Investimento di pedone;Intersezione semaforizzata;Due carreggiate;Bagnato (pioggia);Asfaltata;Verticale ed orizzontale;Pioggia in atto;Normale;Sufficiente;Sufficiente;2;0;0;0;12.54757;41.91564;-1;1;Motociclo a solo;In marcia / fermata / arresto;Conducente;M;Rimandato;0;NON DECEDUTO;Non accertato;
2715729;18;27/02/2016 18:00;Strada Urbana;VIA MONTE DEL MARMO;in prossimità;;del civico n.;293;;Veicolo in marcia contro ostacolo accidentale;Rettilineo;Una carreggiata a doppio senso;Asciutto;Con buche;Assente;Sereno;Scarso;Buona;Sufficiente;0;0;0;2;12.3901;41.92012;-1;1;Autovettura privata;In marcia / fermata / arresto;Conducente;M;Illeso;0;;;
2715729;18;27/02/2016 18:00;Strada Urbana;VIA MONTE DEL MARMO;in prossimità;;del civico n.;293;;Veicolo in marcia contro ostacolo accidentale;Rettilineo;Una carreggiata a doppio senso;Asciutto;Con buche;Assente;Sereno;Scarso;Buona;Sufficiente;0;0;0;2;12.3901;41.92012;-1;1;Autovettura privata;In marcia / fermata / arresto;Passeggero;M;Illeso;0;;;
2715749;13;29/02/2016 17:30;Strada Urbana;VIA DEI TRAGHETTI;all'intersezione con;VIA DELLE BALEARI;VIA DELLE BALEARI;;;Scontro frontale/laterale SX fra veicoli in marcia;Incrocio;Una carreggiata a senso unico di marcia;Bagnato (pioggia);Asfaltata;Verticale ed orizzontale;Pioggia in atto;Normale;Sufficiente;Sufficiente;0;0;0;4;12.27948;41.73575;-1;1;Autovettura privata;In marcia / fermata / arresto;Conducente;M;Illeso;0;;;
2715749;13;29/02/2016 17:30;Strada Urbana;VIA DEI TRAGHETTI;all'intersezione con;VIA DELLE BALEARI;VIA DELLE BALEARI;;;Scontro frontale/laterale SX fra veicoli in marcia;Incrocio;Una carreggiata a senso unico di marcia;Bagnato (pioggia);Asfaltata;Verticale ed orizzontale;Pioggia in atto;Normale;Sufficiente;Sufficiente;0;0;0;4;12.27948;41.73575;-1;2;Autovettura privata;In marcia / fermata / arresto;Conducente;M;Illeso;0;;;
2715749;13;29/02/2016 17:30;Strada Urbana;VIA DEI TRAGHETTI;all'intersezione con;VIA DELLE BALEARI;VIA DELLE BALEARI;;;Scontro frontale/laterale SX fra veicoli in marcia;Incrocio;Una carreggiata a senso unico di marcia;Bagnato (pioggia);Asfaltata;Verticale ed orizzontale;Pioggia in atto;Normale;Sufficiente;Sufficiente;0;0;0;4;12.27948;41.73575;-1;2;Autovettura privata;In marcia / fermata / arresto;Passeggero;F;Illeso;0;;Non accertato;Inesploso
2715749;13;29/02/2016 17:30;Strada Urbana;VIA DEI TRAGHETTI;all'intersezione con;VIA DELLE BALEARI;VIA DELLE BALEARI;;;Scontro frontale/laterale SX fra veicoli in marcia;Incrocio;Una carreggiata a senso unico di marcia;Bagnato (pioggia);Asfaltata;Verticale ed orizzontale;Pioggia in atto;Normale;Sufficiente;Sufficiente;0;0;0;4;12.27948;41.73575;-1;2;Autovettura privata;In marcia / fermata / arresto;Passeggero;M;Illeso;0;;;
2715774;20;29/02/2016 14:30;Strada Urbana;LUNGOTEVERE MARESCIALLO DIAZ;da specificare;;;;fronte V.le Min. AFFARI ESTERI dir centro;Scontro laterale fra veicoli in marcia;Rettilineo;Due carreggiate;Bagnato (pioggia);Asfaltata;Orizzontale;Pioggia in atto;Normale;Buona;Ore Diurne;0;0;0;2;12.46281;41.93447;-1;1;Autovettura privata;In marcia / fermata / arresto;Conducente;F;Illeso;0;;Non accertato;Inesploso
2715774;20;29/02/2016 14:30;Strada Urbana;LUNGOTEVERE MARESCIALLO DIAZ;da specificare;;;;fronte V.le Min. AFFARI ESTERI dir centro;Scontro laterale fra veicoli in marcia;Rettilineo;Due carreggiate;Bagnato (pioggia);Asfaltata;Orizzontale;Pioggia in atto;Normale;Buona;Ore Diurne;0;0;0;2;12.46281;41.93447;-1;2;Autovettura privata;In marcia / fermata / arresto;Conducente;F;Illeso;0;;Non accertato;Inesploso
2715803;6;29/02/2016 19:10;Strada Urbana;VIA COLLATINA;da specificare;;;;tra piazza mangano e grotte di gregna;Tamponamento Multiplo;Rettilineo;Una carreggiata a doppio senso;Bagnato (pioggia);Asfaltata;Orizzontale;Pioggia in atto;Normale;Sufficiente;Sufficiente;0;0;0;2;12.56719;41.90058;-1;1;Autovettura privata;In marcia / fermata / arresto;Conducente;M;Illeso;0;;Utilizzato;Inesploso
2715803;6;29/02/2016 19:10;Strada Urbana;VIA COLLATINA;da specificare;;;;tra piazza mangano e grotte di gregna;Tamponamento Multiplo;Rettilineo;Una carreggiata a doppio senso;Bagnato (pioggia);Asfaltata;Orizzontale;Pioggia in atto;Normale;Sufficiente;Sufficiente;0;0;0;2;12.56719;41.90058;-1;2;Autovettura privata;In marcia / fermata / arresto;Conducente;M;Illeso;0;;;
2715816;15;29/02/2016 19:30;Strada Urbana;VIA DELLA MAGLIANA;in corrispondenza;;del civico n.;281/G;;Investimento di pedone;Rettilineo;Una carreggiata a doppio senso;Bagnato (pioggia);Asfaltata;Orizzontale;Pioggia in atto;Normale;Sufficiente;Ore Diurne;1;0;0;1;12.45642;41.84471;-1;;;;Pedone;F;Rimandato;0;NON DECEDUTO;;
2715816;15;29/02/2016 19:30;Strada Urbana;VIA DELLA MAGLIANA;in corrispondenza;;del civico n.;281/G;;Investimento di pedone;Rettilineo;Una carreggiata a doppio senso;Bagnato (pioggia);Asfaltata;Orizzontale;Pioggia in atto;Normale;Sufficiente;Ore Diurne;1;0;0;1;12.45642;41.84471;-1;1;Autovettura privata;In marcia / fermata / arresto;Conducente;F;Illeso;0;;Utilizzato;
2715838;17;29/02/2016 05:50;Strada Urbana;VIA COLA DI RIENZO;all'intersezione con;VIA TACITO;VIA TACITO;;;Investimento di pedone;Intersezione stradale segnalata;Una carreggiata a doppio senso;Bagnato (pioggia);In cubetti di porfido;Verticale ed orizzontale;Nuvoloso;Scarso;Sufficiente;Sufficiente;0;0;0;2;12.46666;41.90837;-1;;;;Pedone;M;Illeso;0;;;
2715838;17;29/02/2016 05:50;Strada Urbana;VIA COLA DI RIENZO;all'intersezione con;VIA TACITO;VIA TACITO;;;Investimento di pedone;Intersezione stradale segnalata;Una carreggiata a doppio senso;Bagnato (pioggia);In cubetti di porfido;Verticale ed orizzontale;Nuvoloso;Scarso;Sufficiente;Sufficiente;0;0;0;2;12.46666;41.90837;-1;1;Autovettura privata;In marcia / fermata / arresto;Conducente;M;Illeso;0;;Non accertato;Inesploso
2715853;20;29/02/2016 10:10;Strada Urbana;VIA CASSIA;da specificare;;;;Altezza rampa GRA dir. Salaria;Scontro frontale fra veicoli in marcia;Rettilineo;Una carreggiata a doppio senso;Bagnato (pioggia);Asfaltata;Verticale ed orizzontale;Nuvoloso;Normale;Sufficiente;Ore Diurne;1;0;0;2;12.42482;41.97596;-1;1;Autovettura privata;In marcia / fermata / arresto;Conducente;F;Illeso;0;;Non accertato;
2715853;20;29/02/2016 10:10;Strada Urbana;VIA CASSIA;da specificare;;;;Altezza rampa GRA dir. Salaria;Scontro frontale fra veicoli in marcia;Rettilineo;Una carreggiata a doppio senso;Bagnato (pioggia);Asfaltata;Verticale ed orizzontale;Nuvoloso;Normale;Sufficiente;Ore Diurne;1;0;0;2;12.42482;41.97596;-1;1;Autovettura privata;In marcia / fermata / arresto;Passeggero;F;Illeso;0;;;
2715853;20;29/02/2016 10:10;Strada Urbana;VIA CASSIA;da specificare;;;;Altezza rampa GRA dir. Salaria;Scontro frontale fra veicoli in marcia;Rettilineo;Una carreggiata a doppio senso;Bagnato (pioggia);Asfaltata;Verticale ed orizzontale;Nuvoloso;Normale;Sufficiente;Ore Diurne;1;0;0;2;12.42482;41.97596;-1;2;Motociclo a solo;In marcia / fermata / arresto;Conducente;F;Rimandato;0;NON DECEDUTO;;
2715854;13;29/02/2016 12:20;Strada Urbana;PIAZZA DI CASTEL FUSANO;in corrispondenza;;del civico n.;210;;Veicolo in marcia contro ostacolo accidentale;Rettilineo;Una carreggiata a doppio senso;Bagnato (pioggia);Asfaltata;Verticale ed orizzontale;Nuvoloso;Normale;Buona;Ore Diurne;0;0;0;1;12.31381;41.7402;-1;1;Autovettura privata;In marcia / fermata / arresto;Conducente;M;Illeso;0;;;
2715855;6;29/02/2016 18:20;Strada Urbana;VIA FORMIA;all'intersezione con;VIA TERRACINA;VIA TERRACINA;;;Scontro laterale fra veicoli in marcia;Incrocio;Una carreggiata a senso unico di marcia;Bagnato (pioggia);Asfaltata;Verticale ed orizzontale;Pioggia in atto;Normale;Sufficiente;Sufficiente;2;0;0;0;12.54759;41.88659;-1;1;Autovettura privata;In marcia / fermata / arresto;Conducente;M;Rimandato;0;NON DECEDUTO;;
2715855;6;29/02/2016 18:20;Strada Urbana;VIA FORMIA;all'intersezione con;VIA TERRACINA;VIA TERRACINA;;;Scontro laterale fra veicoli in marcia;Incrocio;Una carreggiata a senso unico di marcia;Bagnato (pioggia);Asfaltata;Verticale ed orizzontale;Pioggia in atto;Normale;Sufficiente;Sufficiente;2;0;0;0;12.54759;41.88659;-1;2;Autovettura privata;In marcia / fermata / arresto;Conducente;M;Rimandato;0;NON DECEDUTO;;
2715872;17;29/02/2016 06:50;Strada Urbana;VIALE DELLO STADIO OLIMPICO;in prossimità;;del civico n.;16;;Veicolo in marcia contro ostacolo fisso;Rettilineo;Una carreggiata a senso unico di marcia;Bagnato (umidità in atto);Asfaltata;Verticale ed orizzontale;Nuvoloso;Normale;Buona;Ore Diurne;0;0;0;1;12.45417;41.9299;-1;1;Autovettura privata;In marcia / fermata / arresto;Conducente;F;Illeso;0;;Non accertato;Inesploso
2715942;17;29/02/2016 12:15;Strada Urbana;VIALE DELLO STADIO OLIMPICO;in corrispondenza;;del civico n.;16;;Ribaltamento senza urto contro ostacolo fisso;Rettilineo;Una carreggiata a senso unico di marcia;Bagnato (pioggia);Asfaltata;Assente;Nuvoloso;Normale;Buona;Ore Diurne;0;0;0;1;12.45417;41.9299;-1;1;Autovettura privata;In marcia / fermata / arresto;Conducente;M;Illeso;0;;Non accertato;
2715963;4;29/02/2016 09:55;Strada Urbana;VIALE GINO CERVI;all'intersezione con;VIA TERESA BOETTI VALVASSURA;VIA TERESA BOETTI VALVASSURA;;;Scontro frontale/laterale SX fra veicoli in marcia;Incrocio;Due carreggiate;Bagnato (pioggia);Asfaltata;Verticale ed orizzontale;Nuvoloso;Normale;Buona;Ore Diurne;0;0;0;3;12.53504;41.96252;-1;1;Autovettura privata;In marcia / fermata / arresto;Conducente;M;Illeso;0;;Esente;Inesploso
2715963;4;29/02/2016 09:55;Strada Urbana;VIALE GINO CERVI;all'intersezione con;VIA TERESA BOETTI VALVASSURA;VIA TERESA BOETTI VALVASSURA;;;Scontro frontale/laterale SX fra veicoli in marcia;Incrocio;Due carreggiate;Bagnato (pioggia);Asfaltata;Verticale ed orizzontale;Nuvoloso;Normale;Buona;Ore Diurne;0;0;0;3;12.53504;41.96252;-1;1;Autovettura privata;In marcia / fermata / arresto;Passeggero;F;Illeso;0;;Non accertato;Inesploso
2715963;4;29/02/2016 09:55;Strada Urbana;VIALE GINO CERVI;all'intersezione con;VIA TERESA BOETTI VALVASSURA;VIA TERESA BOETTI VALVASSURA;;;Scontro frontale/laterale SX fra veicoli in marcia;Incrocio;Due carreggiate;Bagnato (pioggia);Asfaltata;Verticale ed orizzontale;Nuvoloso;Normale;Buona;Ore Diurne;0;0;0;3;12.53504;41.96252;-1;2;Autocarro inferiore 35 q.;In marcia / fermata / arresto;Conducente;M;Illeso;0;;Non accertato;Inesploso
2715979;4;29/02/2016 18:25;Strada Urbana;VIA MONGINEVRA;in corrispondenza;;del civico n.;20;;Veicolo in marcia contro veicolo in sosta;Rettilineo;Una carreggiata a senso unico di marcia;Bagnato (pioggia);Asfaltata;Assente;Pioggia in atto;Scarso;Buona;Sufficiente;0;0;0;1;12.53104;41.94241;-1;1;Autovettura privata;In marcia / fermata / arresto;Conducente;F;Illeso;0;;;
2716011;4;29/02/2016 18:30;Strada Urbana;VIA DELLE VIGNE NUOVE;in prossimità;;del civico n.;551/b;;Scontro frontale/laterale DX fra veicoli in marcia;Rettilineo;Una carreggiata a senso unico di marcia;Bagnato (umidità in atto);Asfaltata;Verticale ed orizzontale;Pioggia in atto;Normale;Sufficiente;Sufficiente;0;0;0;2;12.53586;41.96321;-1;1;Autovettura privata;In marcia / fermata / arresto;Conducente;M;Illeso;0;;;
2716011;4;29/02/2016 18:30;Strada Urbana;VIA DELLE VIGNE NUOVE;in prossimità;;del civico n.;551/b;;Scontro frontale/laterale DX fra veicoli in marcia;Rettilineo;Una carreggiata a senso unico di marcia;Bagnato (umidità in atto);Asfaltata;Verticale ed orizzontale;Pioggia in atto;Normale;Sufficiente;Sufficiente;0;0;0;2;12.53586;41.96321;-1;2;Autovettura privata;In marcia / fermata / arresto;Conducente;M;Illeso;0;;;
2716044;1;29/02/2016 09:45;Strada Urbana;PONTE PRINCIPE AMEDEO SAVOIA AOSTA;all'intersezione semaforizzata con;PIAZZA DELLA ROVERE;PIAZZA DELLA ROVERE;;;Investimento di pedone;Incrocio;Una carreggiata a senso unico di marcia;Bagnato (pioggia);Asfaltata;Verticale ed orizzontale;Pioggia in atto;Intenso;Buona;Ore Diurne;1;0;0;1;12.46266;41.89911;-1;;;;Pedone;F;Ricoverato;0;NON DECEDUTO;;
2716044;1;29/02/2016 09:45;Strada Urbana;PONTE PRINCIPE AMEDEO SAVOIA AOSTA;all'intersezione semaforizzata con;PIAZZA DELLA ROVERE;PIAZZA DELLA ROVERE;;;Investimento di pedone;Incrocio;Una carreggiata a senso unico di marcia;Bagnato (pioggia);Asfaltata;Verticale ed orizzontale;Pioggia in atto;Intenso;Buona;Ore Diurne;1;0;0;1;12.46266;41.89911;-1;1;Autovettura privata;In marcia / fermata / arresto;Conducente;M;Illeso;0;;;
2716061;17;29/02/2016 12:15;Strada Urbana;VIALE DELLO STADIO OLIMPICO;in prossimità;;del civico n.;16;;Veicolo in marcia contro ostacolo fisso;Curva a visuale libera;Una carreggiata a senso unico di marcia;Bagnato (umidità in atto);Asfaltata;Verticale ed orizzontale;Nuvoloso;Normale;Buona;Ore Diurne;0;0;0;1;12.45417;41.9299;-1;1;Autovettura privata;In marcia / fermata / arresto;Conducente;M;Illeso;0;;Non accertato;Inesploso
2716080;4;29/02/2016 12:10;Strada Urbana;VIA STELVIO;in corrispondenza;;del civico n.;3;;Scontro laterale fra veicoli in marcia;Rettilineo;Una carreggiata a senso unico di marcia;Bagnato (umidità in atto);Asfaltata;Orizzontale;Nuvoloso;Normale;Buona;Ore Diurne;0;0;0;2;12.53596;41.94172;-1;1;Autovettura privata;In marcia / fermata / arresto;Conducente;M;Illeso;0;;Non accertato;Inesploso
2716080;4;29/02/2016 12:10;Strada Urbana;VIA STELVIO;in corrispondenza;;del civico n.;3;;Scontro laterale fra veicoli in marcia;Rettilineo;Una carreggiata a senso unico di marcia;Bagnato (umidità in atto);Asfaltata;Orizzontale;Nuvoloso;Normale;Buona;Ore Diurne;0;0;0;2;12.53596;41.94172;-1;2;Ciclomotore;In marcia / fermata / arresto;Conducente;M;Illeso;0;;Non accertato;
2716083;3;29/02/2016 15:10;Strada Urbana;PIAZZALE DELLE PROVINCIE;all'intersezione con;VIALE IPPOCRATE;VIALE IPPOCRATE;;;Scontro frontale/laterale DX fra veicoli in marcia;Rotatoria;Più di due carreggiate;Bagnato (pioggia);Asfaltata;Verticale ed orizzontale;Pioggia in atto;Normale;Buona;Ore Diurne;0;0;0;3;12.52093;41.90935;-1;1;Autovettura privata;In marcia / fermata / arresto;Conducente;M;Illeso;0;;Non accertato;Inesploso
2716083;3;29/02/2016 15:10;Strada Urbana;PIAZZALE DELLE PROVINCIE;all'intersezione con;VIALE IPPOCRATE;VIALE IPPOCRATE;;;Scontro frontale/laterale DX fra veicoli in marcia;Rotatoria;Più di due carreggiate;Bagnato (pioggia);Asfaltata;Verticale ed orizzontale;Pioggia in atto;Normale;Buona;Ore Diurne;0;0;0;3;12.52093;41.90935;-1;2;Autovettura privata;In marcia / fermata / arresto;Conducente;F;Illeso;0;;Non accertato;Inesploso
2716083;3;29/02/2016 15:10;Strada Urbana;PIAZZALE DELLE PROVINCIE;all'intersezione con;VIALE IPPOCRATE;VIALE IPPOCRATE;;;Scontro frontale/laterale DX fra veicoli in marcia;Rotatoria;Più di due carreggiate;Bagnato (pioggia);Asfaltata;Verticale ed orizzontale;Pioggia in atto;Normale;Buona;Ore Diurne;0;0;0;3;12.52093;41.90935;-1;2;Autovettura privata;In marcia / fermata / arresto;Passeggero;M;Illeso;0;;Non accertato;Inesploso
2716101;18;28/02/2016 08:25;Strada Urbana;VIA BALDO DEGLI UBALDI;in corrispondenza;;del civico n.;112;;Scontro laterale fra veicoli in marcia;Rettilineo;Due carreggiate;Asciutto;Asfaltata;Verticale ed orizzontale;Sereno;Scarso;Buona;Ore Diurne;0;0;0;2;12.43376;41.89893;-1;1;Autovettura privata;In marcia / fermata / arresto;Conducente;F;Illeso;0;;Non accertato;
2716101;18;28/02/2016 08:25;Strada Urbana;VIA BALDO DEGLI UBALDI;in corrispondenza;;del civico n.;112;;Scontro laterale fra veicoli in marcia;Rettilineo;Due carreggiate;Asciutto;Asfaltata;Verticale ed orizzontale;Sereno;Scarso;Buona;Ore Diurne;0;0;0;2;12.43376;41.89893;-1;2;Autovettura privata;In marcia / fermata / arresto;Conducente;F;Illeso;0;;;
2716107;4;29/02/2016 10:00;Strada Urbana;VIA NOMENTANA;all'intersezione con;VIALE DEI ROMAGNOLI;VIALE DEI ROMAGNOLI;;;Scontro frontale/laterale SX fra veicoli in marcia;Incrocio;Una carreggiata a doppio senso;Bagnato (pioggia);Asfaltata;Verticale ed orizzontale;Pioggia in atto;Normale;Buona;Ore Diurne;0;0;0;2;12.5464;41.93885;-1;1;Autovettura pubblica;In marcia / fermata / arresto;Conducente;M;Illeso;0;;;
2716107;4;29/02/2016 10:00;Strada Urbana;VIA NOMENTANA;all'intersezione con;VIALE DEI ROMAGNOLI;VIALE DEI ROMAGNOLI;;;Scontro frontale/laterale SX fra veicoli in marcia;Incrocio;Una carreggiata a doppio senso;Bagnato (pioggia);Asfaltata;Verticale ed orizzontale;Pioggia in atto;Normale;Buona;Ore Diurne;0;0;0;2;12.5464;41.93885;-1;2;Autovettura privata;In marcia / fermata / arresto;Conducente;M;Illeso;0;;;
2716122;1;28/02/2016 16:20;Strada Urbana;PIAZZA VENEZIA;all'intersezione con;VIA CESARE BATTISTI;VIA CESARE BATTISTI;;;Scontro laterale fra veicoli in marcia;Incrocio;Una carreggiata a senso unico di marcia;Bagnato (pioggia);Acciotolata;Orizzontale;Pioggia in atto;Normale;Buona;Ore Diurne;0;0;0;3;12.48257;41.89632;-1;1;Autovettura pubblica;In marcia / fermata / arresto;Conducente;M;Illeso;0;;Non accertato;
2716122;1;28/02/2016 16:20;Strada Urbana;PIAZZA VENEZIA;all'intersezione con;VIA CESARE BATTISTI;VIA CESARE BATTISTI;;;Scontro laterale fra veicoli in marcia;Incrocio;Una carreggiata a senso unico di marcia;Bagnato (pioggia);Acciotolata;Orizzontale;Pioggia in atto;Normale;Buona;Ore Diurne;0;0;0;3;12.48257;41.89632;-1;2;Autovettura privata;In marcia / fermata / arresto;Conducente;M;Illeso;0;;Non accertato;
2716122;1;28/02/2016 16:20;Strada Urbana;PIAZZA VENEZIA;all'intersezione con;VIA CESARE BATTISTI;VIA CESARE BATTISTI;;;Scontro laterale fra veicoli in marcia;Incrocio;Una carreggiata a senso unico di marcia;Bagnato (pioggia);Acciotolata;Orizzontale;Pioggia in atto;Normale;Buona;Ore Diurne;0;0;0;3;12.48257;41.89632;-1;2;Autovettura privata;In marcia / fermata / arresto;Passeggero;M;Illeso;0;;Non accertato;
2716136;11;27/02/2016 15:20;Strada Urbana;VIALE ALDO BALLARIN;da specificare;;;;fronte via Cesarini;Infortunio per caduta del veicolo;Rettilineo;Una carreggiata a doppio senso;Asciutto;Asfaltata;Verticale ed orizzontale;Nuvoloso;Scarso;Buona;Ore Diurne;0;0;0;1;12.49691;41.83765;-1;1;Autovettura privata;In marcia / fermata / arresto;Conducente;M;Illeso;0;;Non accertato;
2716140;2;29/02/2016 20:55;Strada Urbana;VIA ARCHIANO;all'intersezione con;VIA FOGLIANO;VIA FOGLIANO;;;Scontro frontale/laterale DX fra veicoli in marcia;Incrocio;Una carreggiata a senso unico di marcia;Bagnato (umidità in atto);Asfaltata;Verticale ed orizzontale;Nuvoloso;Normale;Buona;Sufficiente;0;0;0;3;12.50663;41.9252;-1;1;Autovettura pubblica;In marcia / fermata / arresto;Conducente;M;Illeso;0;;;
2716140;2;29/02/2016 20:55;Strada Urbana;VIA ARCHIANO;all'intersezione con;VIA FOGLIANO;VIA FOGLIANO;;;Scontro frontale/laterale DX fra veicoli in marcia;Incrocio;Una carreggiata a senso unico di marcia;Bagnato (umidità in atto);Asfaltata;Verticale ed orizzontale;Nuvoloso;Normale;Buona;Sufficiente;0;0;0;3;12.50663;41.9252;-1;2;Autovettura privata;In marcia / fermata / arresto;Conducente;M;Illeso;0;;;
2716140;2;29/02/2016 20:55;Strada Urbana;VIA ARCHIANO;all'intersezione con;VIA FOGLIANO;VIA FOGLIANO;;;Scontro frontale/laterale DX fra veicoli in marcia;Incrocio;Una carreggiata a senso unico di marcia;Bagnato (umidità in atto);Asfaltata;Verticale ed orizzontale;Nuvoloso;Normale;Buona;Sufficiente;0;0;0;3;12.50663;41.9252;-1;2;Autovettura privata;In marcia / fermata / arresto;Passeggero;F;Illeso;0;;;
2716142;2;29/02/2016 20:00;Strada Urbana;VIALE DEL MURO TORTO;da specificare;;;;"entrata parcheggio ""Saba"" v. d. Galoppatoio";Veicolo in marcia contro ostacolo fisso;Rettilineo;Una carreggiata a senso unico di marcia;Bagnato (pioggia);Asfaltata;Verticale ed orizzontale;Pioggia in atto;Normale;Sufficiente;Sufficiente;2;0;0;0;12.48325;41.90968;-1;1;Autovettura privata;In marcia / fermata / arresto;Conducente;M;Rimandato;0;NON DECEDUTO;;
2716142;2;29/02/2016 20:00;Strada Urbana;VIALE DEL MURO TORTO;da specificare;;;;"entrata parcheggio ""Saba"" v. d. Galoppatoio";Veicolo in marcia contro ostacolo fisso;Rettilineo;Una carreggiata a senso unico di marcia;Bagnato (pioggia);Asfaltata;Verticale ed orizzontale;Pioggia in atto;Normale;Sufficiente;Sufficiente;2;0;0;0;12.48325;41.90968;-1;1;Autovettura privata;In marcia / fermata / arresto;Passeggero;F;Rimandato;0;NON DECEDUTO;;
2716167;1;28/02/2016 14:00;Strada Urbana;VIA SISTINA;in prossimità;;del civico n.;104;;Tamponamento;Rettilineo;Una carreggiata a senso unico di marcia;Bagnato (pioggia);Acciotolata;Verticale ed orizzontale;Pioggia in atto;Normale;Buona;Ore Diurne;1;0;0;2;12.4858;41.90479;-1;1;Autovettura privata;In marcia / fermata / arresto;Conducente;F;Illeso;0;;Non accertato;
2716167;1;28/02/2016 14:00;Strada Urbana;VIA SISTINA;in prossimità;;del civico n.;104;;Tamponamento;Rettilineo;Una carreggiata a senso unico di marcia;Bagnato (pioggia);Acciotolata;Verticale ed orizzontale;Pioggia in atto;Normale;Buona;Ore Diurne;1;0;0;2;12.4858;41.90479;-1;1;Autovettura privata;In marcia / fermata / arresto;Passeggero;M;Illeso;0;;Non accertato;
2716167;1;28/02/2016 14:00;Strada Urbana;VIA SISTINA;in prossimità;;del civico n.;104;;Tamponamento;Rettilineo;Una carreggiata a senso unico di marcia;Bagnato (pioggia);Acciotolata;Verticale ed orizzontale;Pioggia in atto;Normale;Buona;Ore Diurne;1;0;0;2;12.4858;41.90479;-1;2;Ciclomotore;In marcia / fermata / arresto;Conducente;F;Ricoverato;0;NON DECEDUTO;;
2716209;2;29/02/2016 13:30;Strada Urbana;CIRCONVALLAZIONE SALARIA;da specificare;;;;uscita via Salaria dir. centro;Scontro frontale/laterale DX fra veicoli in marcia;Rettilineo;Due carreggiate;Bagnato (pioggia);Asfaltata;Orizzontale;Nuvoloso;Normale;Buona;Ore Diurne;0;0;0;3;12.52086;41.93447;-1;1;Autovettura privata;In marcia / fermata / arresto;Conducente;F;Illeso;0;;;